profile_name,failcode,reason
SRS 1,-3,No available layers
SRS 2,-3,No available layers
SRS 3,-3,No available layers
SRS 4,-3,No available layers
00P0038,-3,No available layers
00P0040,-3,No available layers
00P0269,-2,Less than 3 layers (in zstarfunc)
00P0270,-2,Less than 3 layers (in zstarfunc)
00P0271,-2,Less than 3 layers (in zstarfunc)
00P0445,-2,Less than 3 layers (in zstarfunc)
00P0508,-2,Less than 3 layers (in zstarfunc)
00P0683,-2,Less than 3 layers (in zstarfunc)
00P0962,-2,Less than 3 layers (in zstarfunc)
00P0970,-2,Less than 3 layers (in zstarfunc)
00P0971,-2,Less than 3 layers (in zstarfunc)
00P0972,-2,Less than 3 layers (in zstarfunc)
00P0976,-2,Less than 3 layers (in zstarfunc)
01KY-075-001,-3,No available layers
01KY-075-003,-3,No available layers
01N0726,-3,No available layers
01N0727,-3,No available layers
01N0728,-3,No available layers
01N0729,-3,No available layers
01N0730,-3,No available layers
01N0731,-3,No available layers
01N0732,-3,No available layers
01N0733,-3,No available layers
01N0734,-3,No available layers
01N0735,-3,No available layers
01N0736,-3,No available layers
01N0737,-3,No available layers
01N0738,-3,No available layers
01N0739,-3,No available layers
01N0740,-3,No available layers
01N0741,-3,No available layers
01N0742,-3,No available layers
01N0744,-3,No available layers
01N0745,-3,No available layers
01N0746,-3,No available layers
01N0749,-3,No available layers
01N0750,-3,No available layers
01N0752,-3,No available layers
01N0754,-3,No available layers
01N0755,-3,No available layers
01N0756,-3,No available layers
01N0757,-3,No available layers
01N0759,-3,No available layers
01N0761,-3,No available layers
01N0764,-3,No available layers
01N0765,-3,No available layers
01N0766,-3,No available layers
01N0768,-3,No available layers
01N0770,-3,No available layers
01N0771,-3,No available layers
01N0774,-3,No available layers
01N0775,-3,No available layers
01N0778,-3,No available layers
01N0894,-2,Less than 3 layers (in zstarfunc)
01N1206,-3,No available layers
01N1207,-3,No available layers
01N1208,-3,No available layers
01N1213,-1,No mineral soil
01P0360,-2,Less than 3 layers (in zstarfunc)
01P0362,-2,Less than 3 layers (in zstarfunc)
02N0160,-2,Less than 3 layers (in zstarfunc)
02N0197,-3,No available layers
02N0198,-3,No available layers
02N0317,-3,No available layers
02N0320,-3,No available layers
02N0321,-3,No available layers
02N0322,-3,No available layers
02N0323,-3,No available layers
02N0326,-3,No available layers
02N0327,-3,No available layers
02N0328,-3,No available layers
02N0329,-3,No available layers
03N0421,-2,Less than 3 layers (in zstarfunc)
03N0423,-3,No available layers
03N0424,-3,No available layers
03N0425,-3,No available layers
03N0426,-3,No available layers
03N0427,-3,No available layers
03N0428,-3,No available layers
03N0454,-2,Less than 3 layers (in zstarfunc)
03N0790,-2,Less than 3 layers (in zstarfunc)
03N0793,-2,Less than 3 layers (in zstarfunc)
03N1031,-2,Less than 3 layers (in zstarfunc)
03PS02,-3,No available layers
04KY-025-UK3,-3,No available layers
05N0107,-3,No available layers
05N0386,-2,Less than 3 layers (in zstarfunc)
05N0387,-2,Less than 3 layers (in zstarfunc)
05N0388,-2,Less than 3 layers (in zstarfunc)
05N0389,-2,Less than 3 layers (in zstarfunc)
05N0390,-2,Less than 3 layers (in zstarfunc)
05N0391,-2,Less than 3 layers (in zstarfunc)
05N0805,-2,Less than 3 layers (in zstarfunc)
05N0886,-3,No available layers
06N0684,-3,No available layers
06N0687,-2,Less than 3 layers (in zstarfunc)
06N0688,-2,Less than 3 layers (in zstarfunc)
06N0689,-2,Less than 3 layers (in zstarfunc)
06N0690,-2,Less than 3 layers (in zstarfunc)
06N0691,-2,Less than 3 layers (in zstarfunc)
06N0692,-2,Less than 3 layers (in zstarfunc)
06N0693,-2,Less than 3 layers (in zstarfunc)
06N0695,-2,Less than 3 layers (in zstarfunc)
06N0696,-2,Less than 3 layers (in zstarfunc)
06N0697,-2,Less than 3 layers (in zstarfunc)
06N1107,-3,No available layers
07KY-033-001,-3,No available layers
07KY-033-002,-3,No available layers
07KY-033-003,-3,No available layers
07KY-047-001,-3,No available layers
07KY-047-002,-3,No available layers
07KY-055-001,-3,No available layers
07KY-055-002,-3,No available layers
07KY-055-003,-3,No available layers
07KY-107-001,-3,No available layers
07N0213,-2,Less than 3 layers (in zstarfunc)
07N0214,-2,Less than 3 layers (in zstarfunc)
07N0221,-2,Less than 3 layers (in zstarfunc)
07N0223,-2,Less than 3 layers (in zstarfunc)
07N0281,-3,No available layers
07N0282,-3,No available layers
08KS175106,-2,Less than 3 layers (in zstarfunc)
08KS175308,-2,Less than 3 layers (in zstarfunc)
08KS175320,-2,Less than 3 layers (in zstarfunc)
08KS187341,-2,Less than 3 layers (in zstarfunc)
08KS187359,-2,Less than 3 layers (in zstarfunc)
08KY-039-001,-3,No available layers
08KY-039-002,-3,No available layers
08KY-039-003,-3,No available layers
08KY-105-002,-3,No available layers
08KY-105-003,-3,No available layers
08N0179,-2,Less than 3 layers (in zstarfunc)
08N0269,-2,Less than 3 layers (in zstarfunc)
08N0429,-2,Less than 3 layers (in zstarfunc)
08N0537,-2,Less than 3 layers (in zstarfunc)
08N0539,-2,Less than 3 layers (in zstarfunc)
08N0540,-2,Less than 3 layers (in zstarfunc)
08N0541,-2,Less than 3 layers (in zstarfunc)
08N0542,-2,Less than 3 layers (in zstarfunc)
08N0543,-2,Less than 3 layers (in zstarfunc)
08N0544,-2,Less than 3 layers (in zstarfunc)
09KY-047-035,-3,No available layers
09KY-105-001,-3,No available layers
09KY-105-002,-3,No available layers
09N0310,-2,Less than 3 layers (in zstarfunc)
09N0312,-3,No available layers
09N0314,-2,Less than 3 layers (in zstarfunc)
09N0315,-2,Less than 3 layers (in zstarfunc)
09N0317,-2,Less than 3 layers (in zstarfunc)
09N0318,-2,Less than 3 layers (in zstarfunc)
10KY-107-001,-3,No available layers
10KY-125-001,-3,No available layers
10KY-125-002,-3,No available layers
10KY-125-003,-3,No available layers
10KY-125-004,-3,No available layers
10KY-125-005,-3,No available layers
10KY-125-006,-3,No available layers
10KY-125-007,-3,No available layers
10KY-125-008,-3,No available layers
10N0570,-2,Less than 3 layers (in zstarfunc)
10N0993,-2,Less than 3 layers (in zstarfunc)
11N0002,-2,Less than 3 layers (in zstarfunc)
11N14335,-1,No mineral soil
11N14413,-1,No mineral soil
11N14477,-1,No mineral soil
11N14479,-1,No mineral soil
11N14482,-1,No mineral soil
11N6796,-1,No mineral soil
11N6800,-1,No mineral soil
11N6801,-1,No mineral soil
11N6806,-1,No mineral soil
11N6817,-1,No mineral soil
11N6827,-1,No mineral soil
11N6830,-1,No mineral soil
11N6843,-1,No mineral soil
11N6848,-2,Less than 3 layers (in zstarfunc)
11N6850,-1,No mineral soil
11N6860,-1,No mineral soil
11N6865,-1,No mineral soil
11N7947,-1,No mineral soil
11N7953,-1,No mineral soil
11N7958,-1,No mineral soil
11N7960,-2,Less than 3 layers (in zstarfunc)
11N8398,-1,No mineral soil
11N8403,-1,No mineral soil
11N8429,-2,Less than 3 layers (in zstarfunc)
12N7782,-2,Less than 3 layers (in zstarfunc)
12N7858,-2,Less than 3 layers (in zstarfunc)
40A0556,-3,No available layers
40A0557,-3,No available layers
40A0752,-3,No available layers
40A0807,-3,No available layers
40A1145,-3,No available layers
40A1326,-3,No available layers
40A1327,-3,No available layers
40A1331,-3,No available layers
40A1332,-3,No available layers
40A1336,-3,No available layers
40A1339,-3,No available layers
40A1340,-3,No available layers
40A1341,-3,No available layers
40A1342,-3,No available layers
40A1343,-3,No available layers
40A1346,-3,No available layers
40A1347,-3,No available layers
40A1358,-3,No available layers
40A1359,-3,No available layers
40A1360,-3,No available layers
40A1361,-3,No available layers
40A1362,-3,No available layers
40A1363,-3,No available layers
40A1364,-3,No available layers
40A1365,-3,No available layers
40A1366,-3,No available layers
40A1367,-3,No available layers
40A1368,-3,No available layers
40A1369,-3,No available layers
40A1370,-3,No available layers
40A2670,-3,No available layers
40A2674,-3,No available layers
40A2680,-3,No available layers
40A2681,-3,No available layers
40A2885,-3,No available layers
40A2917,-3,No available layers
40A2967,-3,No available layers
40A2995,-3,No available layers
40A2996,-3,No available layers
40A2997,-3,No available layers
40A3008,-3,No available layers
40A3043,-3,No available layers
40A3216,-2,Less than 3 layers (in zstarfunc)
40A3349,-3,No available layers
40A3350,-3,No available layers
40A3359,-3,No available layers
40A3373,-3,No available layers
40A3377,-3,No available layers
40A3413,-3,No available layers
40A3588,-3,No available layers
40A3606,-3,No available layers
40A3607,-3,No available layers
40A3609,-3,No available layers
40A3978,-3,No available layers
40A3992,-3,No available layers
40A3993,-3,No available layers
40A3994,-3,No available layers
40A3996,-3,No available layers
40A3997,-3,No available layers
40A3998,-3,No available layers
40A3999,-2,Less than 3 layers (in zstarfunc)
40A4001,-3,No available layers
40A4002,-3,No available layers
40A4054,-3,No available layers
40A4082,-3,No available layers
40A4083,-3,No available layers
40A4084,-1,No mineral soil
40A4087,-3,No available layers
40A4088,-2,Less than 3 layers (in zstarfunc)
40A4089,-1,No mineral soil
40A4090,-3,No available layers
40A4091,-3,No available layers
40A4096,-3,No available layers
40A4097,-2,Less than 3 layers (in zstarfunc)
40A4100,-3,No available layers
40A4104,-3,No available layers
40A4105,-3,No available layers
40A4107,-3,No available layers
40A4118,-3,No available layers
40A4149,-3,No available layers
40A4150,-3,No available layers
40A4161,-3,No available layers
40A4253,-1,No mineral soil
40A4525,-3,No available layers
40A4526,-3,No available layers
40A4592,-3,No available layers
40A4593,-3,No available layers
40A4594,-3,No available layers
40A4595,-3,No available layers
40A4598,-3,No available layers
40A4599,-3,No available layers
40A4600,-3,No available layers
40A4601,-3,No available layers
40A4607,-3,No available layers
40A4609,-3,No available layers
40A4614,-3,No available layers
40A4615,-3,No available layers
40A4618,-3,No available layers
40A4619,-3,No available layers
40A4620,-3,No available layers
40A4622,-3,No available layers
40A4623,-3,No available layers
40A4624,-3,No available layers
40A4625,-3,No available layers
40A4626,-3,No available layers
40A4635,-3,No available layers
40A4636,-3,No available layers
40A4637,-3,No available layers
40A4638,-3,No available layers
40A4639,-3,No available layers
40A4640,-3,No available layers
40A4641,-3,No available layers
40A4642,-3,No available layers
40A4643,-3,No available layers
40A4644,-3,No available layers
40A4645,-3,No available layers
40A4646,-3,No available layers
40A4670,-3,No available layers
40A4671,-3,No available layers
40A4674,-3,No available layers
40A4677,-3,No available layers
40A4679,-3,No available layers
40A4685,-3,No available layers
40A4686,-3,No available layers
40A4687,-3,No available layers
40A4688,-3,No available layers
40A4689,-3,No available layers
40A4690,-3,No available layers
40A4749,-3,No available layers
40A4751,-3,No available layers
40A4753,-3,No available layers
40A4754,-3,No available layers
40A4755,-3,No available layers
40A4756,-3,No available layers
40A5224,-3,No available layers
40A5225,-3,No available layers
40A5226,-3,No available layers
40A5228,-3,No available layers
56PS03,-3,No available layers
58BR26,-3,No available layers
58BR27,-3,No available layers
58BR28,-3,No available layers
58BR29,-3,No available layers
58BR30,-3,No available layers
58BR32,-3,No available layers
58KY-177-001,-3,No available layers
59DS01,-3,No available layers
59DS02,-3,No available layers
59DS06,-3,No available layers
59DS09,-3,No available layers
59DS10,-3,No available layers
59JH02,-3,No available layers
59LE23,-2,Less than 3 layers (in zstarfunc)
59LE28,-2,Less than 3 layers (in zstarfunc)
59MS16,-3,No available layers
59WS02,-2,Less than 3 layers (in zstarfunc)
60ID18,-3,No available layers
61HP05,-3,No available layers
61HP13,-3,No available layers
61ID02,-3,No available layers
61ID08,-2,Less than 3 layers (in zstarfunc)
61ID09,-2,Less than 3 layers (in zstarfunc)
61ID11,-3,No available layers
61JA05,-2,Less than 3 layers (in zstarfunc)
61KY-085-001,-3,No available layers
62BN01,-2,Less than 3 layers (in zstarfunc)
62CO08,-3,No available layers
63CS21,-2,Less than 3 layers (in zstarfunc)
63CV23,-2,Less than 3 layers (in zstarfunc)
63CV27,-2,Less than 3 layers (in zstarfunc)
63CV36,-3,No available layers
63IL003001,-3,No available layers
63WD02,-2,Less than 3 layers (in zstarfunc)
63WD10,-2,Less than 3 layers (in zstarfunc)
63WD17,-2,Less than 3 layers (in zstarfunc)
64BN02,-2,Less than 3 layers (in zstarfunc)
64GN14,-2,Less than 3 layers (in zstarfunc)
64GN15,-2,Less than 3 layers (in zstarfunc)
64GN17,-2,Less than 3 layers (in zstarfunc)
64GN29,-2,Less than 3 layers (in zstarfunc)
64IL181002,-3,No available layers
64IZ03,-3,No available layers
64IZ04,-2,Less than 3 layers (in zstarfunc)
64IZ05,-2,Less than 3 layers (in zstarfunc)
64IZ09,-2,Less than 3 layers (in zstarfunc)
64IZ10,-2,Less than 3 layers (in zstarfunc)
64LE01,-2,Less than 3 layers (in zstarfunc)
64LF01,-2,Less than 3 layers (in zstarfunc)
64WD08,-2,Less than 3 layers (in zstarfunc)
64WD12,-2,Less than 3 layers (in zstarfunc)
64WD13,-2,Less than 3 layers (in zstarfunc)
64WD14,-2,Less than 3 layers (in zstarfunc)
64WD24,-3,No available layers
65GN42,-2,Less than 3 layers (in zstarfunc)
65GN47,-2,Less than 3 layers (in zstarfunc)
65MS12,-3,No available layers
65MS18,-3,No available layers
65MS21,-2,Less than 3 layers (in zstarfunc)
65MS22,-3,No available layers
65PU01,-2,Less than 3 layers (in zstarfunc)
67AR02,-3,No available layers
67AR03,-3,No available layers
67AR04,-3,No available layers
67AR05,-3,No available layers
67C0048,-3,No available layers
67C0050,-3,No available layers
67C0051,-3,No available layers
67C0052,-3,No available layers
67C0055,-3,No available layers
67C0056,-3,No available layers
67C0057,-3,No available layers
67C0059,-3,No available layers
67C0063,-3,No available layers
67MD01,-3,No available layers
68BO03,-3,No available layers
68C0133,-3,No available layers
68C0134,-3,No available layers
68C0135,-3,No available layers
68C0136,-3,No available layers
68C0138,-3,No available layers
68C0139,-3,No available layers
68C0143,-3,No available layers
68CT09,-2,Less than 3 layers (in zstarfunc)
68JH04,-2,Less than 3 layers (in zstarfunc)
68PH04,-3,No available layers
68PH05,-3,No available layers
68PH07,-3,No available layers
68PH08,-3,No available layers
69C0162,-3,No available layers
69C0173,-3,No available layers
69C0174,-3,No available layers
69C0204,-3,No available layers
69FL03,-3,No available layers
69JA06,-3,No available layers
69PH01,-3,No available layers
69PH02,-3,No available layers
69WD01,-3,No available layers
69WD02,-3,No available layers
69WD03,-3,No available layers
69WD04,-3,No available layers
70JA04,-3,No available layers
70PH01,-3,No available layers
70PH02,-3,No available layers
70PH03,-3,No available layers
70PH04,-3,No available layers
70PH05,-3,No available layers
70PH06,-3,No available layers
70PH07,-3,No available layers
70PH08,-3,No available layers
70PH09,-3,No available layers
70PH10,-3,No available layers
70PH11,-3,No available layers
70PH12,-3,No available layers
70PH13,-3,No available layers
70PH14,-3,No available layers
70PH15,-3,No available layers
70PH16,-3,No available layers
70PH17,-3,No available layers
70PH18,-3,No available layers
70PH19,-3,No available layers
70PH20,-3,No available layers
70PH21,-3,No available layers
70PH22,-3,No available layers
70PH23,-3,No available layers
70PH24,-3,No available layers
70PH25,-3,No available layers
70PH26,-3,No available layers
70PH27,-3,No available layers
70PH29,-3,No available layers
70PU01,-3,No available layers
70PU02,-3,No available layers
70PU03,-3,No available layers
70PU04,-3,No available layers
71C0013,-3,No available layers
71C0014,-3,No available layers
71C0016,-3,No available layers
71C0018,-3,No available layers
71KY-025-008,-3,No available layers
71MN08,-3,No available layers
71MN09,-3,No available layers
71PS01,-3,No available layers
71PU01,-3,No available layers
71PU02,-3,No available layers
71PU03,-3,No available layers
71PU04,-3,No available layers
71PU05,-3,No available layers
71PU06,-3,No available layers
71PU07,-3,No available layers
71PU10,-3,No available layers
71PU11,-3,No available layers
71YL01,-3,No available layers
71YL02,-3,No available layers
71YL03,-3,No available layers
72IZ02,-3,No available layers
73AR03,-3,No available layers
73AR04,-3,No available layers
73C0011,-2,Less than 3 layers (in zstarfunc)
73CS01,-3,No available layers
73CS02,-3,No available layers
73CS03,-3,No available layers
73CS04,-3,No available layers
73HP26,-3,No available layers
73ML01,-3,No available layers
73ML02,-3,No available layers
73ML03,-3,No available layers
74BX02,-3,No available layers
74CY14,-3,No available layers
74CY15,-3,No available layers
74CY16,-3,No available layers
74CY17,-3,No available layers
74CY18,-3,No available layers
74CY19,-3,No available layers
74CY20,-3,No available layers
74IZ01,-3,No available layers
74ML04,-3,No available layers
74ML05,-3,No available layers
74ML07,-3,No available layers
74MN01,-3,No available layers
74PO02,-3,No available layers
74RO02,-3,No available layers
74RO03,-3,No available layers
74RO04,-3,No available layers
74RO05,-3,No available layers
74RO06,-3,No available layers
74SL01,-3,No available layers
74SL02,-3,No available layers
74SL04,-3,No available layers
74SL05,-3,No available layers
74WD01,-3,No available layers
74WD02,-3,No available layers
75CH01,-3,No available layers
75CH02,-3,No available layers
75FL01,-2,Less than 3 layers (in zstarfunc)
75PH01,-3,No available layers
75PH02,-3,No available layers
75RO01,-3,No available layers
75RO02,-3,No available layers
76OT03,-3,No available layers
77AR02,-3,No available layers
77ID03,-3,No available layers
77ID04,-3,No available layers
77ID05,-3,No available layers
77ID06,-3,No available layers
77JA01,-3,No available layers
78ID02,-3,No available layers
78ID03,-3,No available layers
78ID04,-3,No available layers
78ID05,-3,No available layers
78LK02,-3,No available layers
78LK03,-3,No available layers
78P0011,-3,No available layers
78P0012,-3,No available layers
78P0013,-3,No available layers
78P0080,-3,No available layers
78P0081,-3,No available layers
78P0082,-3,No available layers
78P0191,-3,No available layers
78P0192,-3,No available layers
78P0247,-3,No available layers
78P0248,-3,No available layers
78P0249,-3,No available layers
78P0250,-3,No available layers
78P0251,-3,No available layers
78P0252,-3,No available layers
78P0253,-3,No available layers
78P0254,-3,No available layers
78P0256,-3,No available layers
78P0308,-3,No available layers
78P0315,-3,No available layers
78P0316,-3,No available layers
78P0317,-3,No available layers
78P0318,-3,No available layers
78P0319,-3,No available layers
78P0320,-3,No available layers
78P0330,-3,No available layers
78P0332,-3,No available layers
78P0334,-3,No available layers
78P0336,-3,No available layers
78P0337,-3,No available layers
78P0338,-3,No available layers
78P0339,-3,No available layers
78P0383,-3,No available layers
78P0384,-3,No available layers
78P0387,-3,No available layers
78P0388,-3,No available layers
78P0414,-3,No available layers
78P0415,-3,No available layers
78SH01,-3,No available layers
78WD01,-3,No available layers
79CB01,-3,No available layers
79CK16,-3,No available layers
79CK17,-3,No available layers
79HS20,-3,No available layers
79ID04,-3,No available layers
79LK01,-3,No available layers
79MT01,-3,No available layers
79MT02,-3,No available layers
79P0004,-3,No available layers
79P0005,-3,No available layers
79P0046,-3,No available layers
79P0047,-3,No available layers
79P0152,-3,No available layers
79P0153,-3,No available layers
79P0154,-3,No available layers
79P0155,-3,No available layers
79P0156,-3,No available layers
79P0157,-3,No available layers
79P0158,-3,No available layers
79P0159,-3,No available layers
79P0181,-3,No available layers
79P0182,-3,No available layers
79P0205,-3,No available layers
79P0207,-3,No available layers
79P0254,-3,No available layers
79P0255,-3,No available layers
79P0311,-3,No available layers
79P0313,-3,No available layers
79P0331,-3,No available layers
79P0332,-3,No available layers
79P0360,-3,No available layers
79P0445,-3,No available layers
79PY01,-3,No available layers
80P0005,-3,No available layers
80P0006,-3,No available layers
80P0007,-3,No available layers
80P0039,-3,No available layers
80P0040,-3,No available layers
80P0041,-3,No available layers
80P0042,-3,No available layers
80P0067,-3,No available layers
80P0068,-3,No available layers
80P0069,-3,No available layers
80P0070,-3,No available layers
80P0095,-3,No available layers
80P0096,-3,No available layers
80P0148,-3,No available layers
80P0149,-3,No available layers
80P0150,-3,No available layers
80P0154,-3,No available layers
80P0163,-3,No available layers
80P0172,-3,No available layers
80P0175,-3,No available layers
80P0192,-3,No available layers
80P0200,-3,No available layers
80P0249,-2,Less than 3 layers (in zstarfunc)
80P0308,-3,No available layers
80P0313,-3,No available layers
80P0364,-3,No available layers
80P0365,-3,No available layers
80P0366,-3,No available layers
80P0367,-3,No available layers
80P0387,-3,No available layers
80P0388,-3,No available layers
80P0389,-3,No available layers
80P0390,-3,No available layers
80P0515,-3,No available layers
80P0516,-3,No available layers
81P0020,-1,No mineral soil
81P0190,-3,No available layers
81P0197,-3,No available layers
81P0200,-3,No available layers
81P0278,-3,No available layers
81P0279,-3,No available layers
81P0284,-2,Less than 3 layers (in zstarfunc)
81P0395,-3,No available layers
81P0588,-3,No available layers
81P0589,-3,No available layers
81P0590,-3,No available layers
81P0591,-3,No available layers
81P0592,-3,No available layers
81P0593,-3,No available layers
81P0594,-3,No available layers
81P0595,-3,No available layers
81P0597,-3,No available layers
81P0680,-3,No available layers
81PL01,-3,No available layers
81PL02,-3,No available layers
81PL03,-3,No available layers
81PL05,-3,No available layers
81PL06,-3,No available layers
81SC01,-3,No available layers
81SC04,-3,No available layers
81YL01,-3,No available layers
81YL02,-3,No available layers
81YL03,-3,No available layers
81YL04,-3,No available layers
82P0273,-3,No available layers
82P0278,-3,No available layers
82P0293,-3,No available layers
82P0295,-3,No available layers
82P0298,-3,No available layers
82P0299,-3,No available layers
82P0386,-3,No available layers
82P0388,-3,No available layers
82P0389,-3,No available layers
82P0392,-3,No available layers
82P0437,-3,No available layers
82P0444,-3,No available layers
82P0445,-3,No available layers
82P0599,-3,No available layers
82P0600,-3,No available layers
82P0694,-3,No available layers
82P0695,-3,No available layers
82P0696,-3,No available layers
82P0697,-3,No available layers
82P0698,-3,No available layers
82P0699,-3,No available layers
82P0700,-3,No available layers
82P0706,-3,No available layers
82P0707,-3,No available layers
82P0858,-3,No available layers
82WS10,-3,No available layers
83NW13,-3,No available layers
83NW14,-2,Less than 3 layers (in zstarfunc)
83NW15,-3,No available layers
83NW16,-3,No available layers
83NW17,-3,No available layers
83NW18,-3,No available layers
83NW19,-3,No available layers
83P0278,-3,No available layers
83P0285,-3,No available layers
83P0388,-3,No available layers
83P0389,-3,No available layers
83P0757,-3,No available layers
83P0758,-3,No available layers
83YL01,-3,No available layers
84P0045,-3,No available layers
84P0156,-3,No available layers
84P0202,-3,No available layers
85P0059,-3,No available layers
85P0062,-3,No available layers
85P0063,-3,No available layers
85P0065,-3,No available layers
85P0066,-3,No available layers
85P0067,-3,No available layers
85P0068,-3,No available layers
85P0087,-3,No available layers
85P0215,-3,No available layers
85P0216,-3,No available layers
85P0218,-3,No available layers
85P0219,-3,No available layers
85P0222,-3,No available layers
85P0223,-3,No available layers
85P0613,-3,No available layers
85P0643,-3,No available layers
85P0686,-3,No available layers
85P0687,-3,No available layers
85P0688,-3,No available layers
85SR01,-3,No available layers
85SR02,-3,No available layers
86KY-095-001,-3,No available layers
86P0157,-3,No available layers
86P0314,-3,No available layers
86P0592,-3,No available layers
86P0821,-3,No available layers
86P0822,-3,No available layers
86P0823,-3,No available layers
86P0824,-3,No available layers
86P0827,-3,No available layers
86P0828,-3,No available layers
86P0829,-3,No available layers
86P0830,-3,No available layers
86P0831,-3,No available layers
86P0832,-3,No available layers
86P0833,-3,No available layers
86P0836,-3,No available layers
87P0235,-2,Less than 3 layers (in zstarfunc)
87P0239,-3,No available layers
87P0241,-3,No available layers
87P0244,-3,No available layers
87P0461,-3,No available layers
87P0706,-3,No available layers
87P0707,-3,No available layers
87P0708,-3,No available layers
87P0709,-3,No available layers
87P0710,-3,No available layers
87P0711,-3,No available layers
87P0733,-3,No available layers
87P0735,-3,No available layers
87P0736,-3,No available layers
88P0056,-3,No available layers
88P0127,-3,No available layers
88P0128,-3,No available layers
88P0129,-3,No available layers
88P0435,-3,No available layers
88P0457,-2,Less than 3 layers (in zstarfunc)
88P0727,-2,Less than 3 layers (in zstarfunc)
88P0728,-2,Less than 3 layers (in zstarfunc)
89P0150,-3,No available layers
89P0151,-3,No available layers
89P0152,-3,No available layers
89P0332,-3,No available layers
89P0333,-3,No available layers
89P0454,-3,No available layers
89P0456,-3,No available layers
89P0458,-3,No available layers
89P0459,-3,No available layers
89P0460,-3,No available layers
89P0555,-3,No available layers
89P0577,-3,No available layers
89P0578,-3,No available layers
89P0579,-3,No available layers
89P0580,-3,No available layers
89P0581,-3,No available layers
90KY-057-001,-3,No available layers
90KY-057-002,-3,No available layers
90KY-057-003,-3,No available layers
90P0156,-3,No available layers
90P0229,-3,No available layers
90P0230,-3,No available layers
90P0231,-3,No available layers
90P0392,-3,No available layers
90P0709,-3,No available layers
90P0833,-3,No available layers
90P0834,-3,No available layers
90P0835,-3,No available layers
90P0836,-3,No available layers
90P0837,-3,No available layers
90P0838,-3,No available layers
90P0839,-3,No available layers
90P0840,-3,No available layers
90P0841,-3,No available layers
90P0938,-3,No available layers
90P0939,-3,No available layers
90P0940,-3,No available layers
90P1101,-2,Less than 3 layers (in zstarfunc)
90P1102,-3,No available layers
90P1103,-3,No available layers
90P1104,-3,No available layers
90P1105,-3,No available layers
90P1106,-2,Less than 3 layers (in zstarfunc)
90SV01,-3,No available layers
90SV02,-3,No available layers
90SV03,-3,No available layers
90WD02,-2,Less than 3 layers (in zstarfunc)
91P0070,-3,No available layers
91P0074,-3,No available layers
91P0075,-2,Less than 3 layers (in zstarfunc)
91P0078,-3,No available layers
91P0227,-3,No available layers
91P0228,-3,No available layers
91P0267,-3,No available layers
91P0344,-3,No available layers
91P0349,-3,No available layers
91P0353,-3,No available layers
91P0354,-2,Less than 3 layers (in zstarfunc)
91P0360,-3,No available layers
91P0694,-3,No available layers
91P1157,-3,No available layers
91P1158,-2,Less than 3 layers (in zstarfunc)
91P1159,-1,No mineral soil
91WD01,-3,No available layers
91WD02,-3,No available layers
91WD03,-3,No available layers
91WD04,-3,No available layers
91WD05,-3,No available layers
91WD06,-3,No available layers
91WD07,-3,No available layers
92KS129061,-3,No available layers
92KY-031-038,-3,No available layers
92P0259,-2,Less than 3 layers (in zstarfunc)
92P0260,-2,Less than 3 layers (in zstarfunc)
92P0470,-1,No mineral soil
92P0473,-3,No available layers
92P0632,-2,Less than 3 layers (in zstarfunc)
92P0678,-3,No available layers
92P0679,-3,No available layers
92P0898,-3,No available layers
92P0903,-3,No available layers
92P0905,-3,No available layers
92P0986,-3,No available layers
92WD01,-3,No available layers
93KS019001A,-3,No available layers
93KS125001,-3,No available layers
93KS125002,-3,No available layers
93P0183,-2,Less than 3 layers (in zstarfunc)
93P0390,-3,No available layers
94KS049001,-3,No available layers
94KS125001,-3,No available layers
94KS133001,-3,No available layers
94KY-119-006,-3,No available layers
94P0088,-3,No available layers
94P0089,-3,No available layers
94P0324,-3,No available layers
94P0327,-3,No available layers
94P0339,-3,No available layers
94P0389,-3,No available layers
94P0390,-3,No available layers
94P0391,-3,No available layers
94P0392,-2,Less than 3 layers (in zstarfunc)
94P0393,-3,No available layers
94P0394,-3,No available layers
94P0395,-3,No available layers
94P0396,-3,No available layers
94P0537,-3,No available layers
94P0538,-3,No available layers
94P0539,-3,No available layers
94P0540,-3,No available layers
94P0541,-3,No available layers
94P0542,-3,No available layers
94P0560,-3,No available layers
95KY-119-001,-3,No available layers
95KY-119-003,-3,No available layers
95P1063,-3,No available layers
95WD01,-3,No available layers
95WD02,-3,No available layers
96KY-227-008,-3,No available layers
96KY-227-009,-3,No available layers
96KY-227-010,-3,No available layers
96MT02,-2,Less than 3 layers (in zstarfunc)
96NV01,-3,No available layers
96NV02,-3,No available layers
96NV03,-3,No available layers
96P0264,-2,Less than 3 layers (in zstarfunc)
96P0381,-2,Less than 3 layers (in zstarfunc)
97KS127001,-3,No available layers
97KY-227-003,-3,No available layers
97KY-227-019,-3,No available layers
97P0143,-3,No available layers
97P0144,-3,No available layers
97P0317,-2,Less than 3 layers (in zstarfunc)
97P0508,-2,Less than 3 layers (in zstarfunc)
97P0509,-2,Less than 3 layers (in zstarfunc)
98P0132,-1,No mineral soil
98P0270,-1,No mineral soil
98P0390,-3,No available layers
98P0391,-3,No available layers
98P0392,-3,No available layers
98P0394,-3,No available layers
98PU01,-3,No available layers
98PU02,-3,No available layers
98PU03,-3,No available layers
98PU04,-3,No available layers
98PU05,-3,No available layers
98PU06,-3,No available layers
98PU07,-3,No available layers
98PU08,-3,No available layers
98PU09,-3,No available layers
98PU10,-3,No available layers
99FR01,-3,No available layers
99FR02,-3,No available layers
99MS01,-3,No available layers
99MS02,-3,No available layers
99P0133,-2,Less than 3 layers (in zstarfunc)
99P0268,-2,Less than 3 layers (in zstarfunc)
99P0522,-2,Less than 3 layers (in zstarfunc)
99P0523,-1,No mineral soil
99P0524,-2,Less than 3 layers (in zstarfunc)
99P0525,-1,No mineral soil
99P0526,-2,Less than 3 layers (in zstarfunc)
99P0527,-2,Less than 3 layers (in zstarfunc)
99P0528,-2,Less than 3 layers (in zstarfunc)
99P0529,-1,No mineral soil
99SB01,-3,No available layers
99SB02,-3,No available layers
99SB03,-3,No available layers
99SB04,-3,No available layers
99SB05,-3,No available layers
ISCN:C0204C07:62029,-1,No mineral soil
ISCN:C0204F11:62031,-1,No mineral soil
ISCN:C0204F11:62032,-1,No mineral soil
ISCN:C0204F11:62034,-1,No mineral soil
ISCN:C0205R02:62035,-1,No mineral soil
ISCN:C0205R02:62036,-1,No mineral soil
ISCN:C0205R02:62037,-1,No mineral soil
ISCN:C0205R02:62038,-1,No mineral soil
ISCN:C0208F11:61887,-1,No mineral soil
ISCN:C0208F11:61888,-1,No mineral soil
ISCN:C0208F11:61889,-1,No mineral soil
ISCN:C0901F01:60853,-1,No mineral soil
ISCN:C0901F01:60854,-1,No mineral soil
ISCN:C0901F01:60855,-1,No mineral soil
ISCN:C0901F01:60856,-1,No mineral soil
ISCN:C0901F02:60940,-1,No mineral soil
ISCN:C0901F02:60941,-1,No mineral soil
ISCN:C0901F02:60942,-1,No mineral soil
ISCN:C0901F02:60943,-1,No mineral soil
ISCN:C0901F04:60901,-1,No mineral soil
ISCN:C0901F04:60902,-1,No mineral soil
ISCN:C0901F04:60903,-1,No mineral soil
ISCN:C0901F04:60904,-1,No mineral soil
ISCN:C0901F05:60846,-1,No mineral soil
ISCN:C0901F05:60847,-1,No mineral soil
ISCN:C0901F05:60848,-1,No mineral soil
ISCN:C0901F07:60832,-1,No mineral soil
ISCN:C0901F07:60833,-1,No mineral soil
ISCN:C0901F07:60834,-1,No mineral soil
ISCN:C0904C02:60935,-1,No mineral soil
ISCN:C0904C02:60936,-1,No mineral soil
ISCN:C0904C02:60937,-1,No mineral soil
ISCN:C0904C02:60938,-1,No mineral soil
ISCN:C0904F02:60866,-1,No mineral soil
ISCN:C0904F02:60867,-1,No mineral soil
ISCN:C0904F02:60868,-1,No mineral soil
ISCN:C0905F08:60842,-1,No mineral soil
ISCN:C0905F08:60843,-2,Less than 3 layers (in zstarfunc)
ISCN:C0905F08:60844,-1,No mineral soil
ISCN:C0905F08:60845,-1,No mineral soil
ISCN:C0905F10:60863,-1,No mineral soil
ISCN:C0905F10:60864,-1,No mineral soil
ISCN:C0906F01:60976,-1,No mineral soil
ISCN:C0906F01:60977,-1,No mineral soil
ISCN:C0906F01:60978,-1,No mineral soil
ISCN:C0911F89:60837,-1,No mineral soil
ISCN:C0911F89:60838,-1,No mineral soil
ISCN:C0911F89:60839,-1,No mineral soil
ISCN:C0911F89:60840,-1,No mineral soil
ISCN:C0911F97:60945,-2,Less than 3 layers (in zstarfunc)
ISCN:C0911F97:60946,-1,No mineral soil
ISCN:C0911F97:60947,-1,No mineral soil
ISCN:C0911F97:60948,-1,No mineral soil
ISCN:C0912F06:60879,-1,No mineral soil
ISCN:C0912F06:60880,-1,No mineral soil
ISCN:C0912F06:60881,-1,No mineral soil
ISCN:C0912F06:60882,-1,No mineral soil
ISCN:C0912F92:60886,-1,No mineral soil
ISCN:C0912F92:60887,-1,No mineral soil
ISCN:C0912F92:60888,-1,No mineral soil
ISCN:C0912F92:60889,-1,No mineral soil
ISCN:C0912F98:60896,-1,No mineral soil
ISCN:C0912F98:60897,-1,No mineral soil
ISCN:C0912F98:60898,-1,No mineral soil
ISCN:C0912F98:60899,-1,No mineral soil
ISCN:C0913F06:60952,-1,No mineral soil
ISCN:C0913F06:60953,-1,No mineral soil
ISCN:C0913F06:60954,-1,No mineral soil
ISCN:C0913F06:60955,-1,No mineral soil
ISCN:C0914F03:60950,-1,No mineral soil
ISCN:S2010GA107003:53438,-2,Less than 3 layers (in zstarfunc)
M0004302,-3,No available layers
M0011913,-3,No available layers
M0011916,-3,No available layers
M0011917,-3,No available layers
M0011919,-3,No available layers
M0011920,-3,No available layers
M0114927,-3,No available layers
M0211906,-3,No available layers
M0521301,-3,No available layers
M0722514,-3,No available layers
M8700912,-3,No available layers
M8721503,-3,No available layers
M8821314,-3,No available layers
M8821318,-3,No available layers
M8821321,-3,No available layers
M8821325,-3,No available layers
M8821328,-3,No available layers
M8821329,-3,No available layers
M8821330,-3,No available layers
M8821520,-3,No available layers
M8821521,-3,No available layers
M9005786,-3,No available layers
M9021535,-3,No available layers
M9105783,-3,No available layers
M9112324,-3,No available layers
M9112325,-3,No available layers
M9112328,-3,No available layers
M9112331,-3,No available layers
M9112332,-3,No available layers
M9112333,-3,No available layers
M9112334,-3,No available layers
M9112335,-3,No available layers
M9112336,-3,No available layers
M9112340,-3,No available layers
M9112341,-3,No available layers
M9112343,-3,No available layers
M9116708,-3,No available layers
M9120907,-3,No available layers
M9120909,-3,No available layers
M9120910,-3,No available layers
M9120911,-3,No available layers
M9120912,-3,No available layers
M9120913,-3,No available layers
M9120921,-3,No available layers
M9120922,-3,No available layers
M9120925,-3,No available layers
M9120928,-3,No available layers
M9120945,-3,No available layers
M9120946,-3,No available layers
M9121523,-3,No available layers
M9200921,-3,No available layers
M9209701,-3,No available layers
M9209702,-3,No available layers
M9209705,-3,No available layers
M9209706,-3,No available layers
M9209707,-3,No available layers
M9209708,-3,No available layers
M9209709,-3,No available layers
M9209710,-3,No available layers
M9209711,-3,No available layers
M9209712,-3,No available layers
M9209713,-3,No available layers
M9209714,-3,No available layers
M9209715,-3,No available layers
M9209716,-3,No available layers
M9209718,-3,No available layers
M9209719,-3,No available layers
M9210502,-3,No available layers
M9210519,-3,No available layers
M9210520,-3,No available layers
M9210521,-3,No available layers
M9210522,-3,No available layers
M9210570,-3,No available layers
M9212308,-3,No available layers
M9212309,-3,No available layers
M9212310,-3,No available layers
M9212311,-3,No available layers
M9212313,-3,No available layers
M9212321,-3,No available layers
M9212322,-3,No available layers
M9212323,-3,No available layers
M9212324,-3,No available layers
M9212325,-3,No available layers
M9212326,-3,No available layers
M9212328,-3,No available layers
M9212329,-3,No available layers
M9216712,-3,No available layers
M9220925,-3,No available layers
M9220927,-3,No available layers
M9261306,-3,No available layers
M9305706,-3,No available layers
M9305712,-3,No available layers
M9305718,-3,No available layers
M9309701,-3,No available layers
M9309705,-3,No available layers
M9309706,-3,No available layers
M9309709,-3,No available layers
M9309726,-3,No available layers
M9309728,-3,No available layers
M9309731,-3,No available layers
M9312312,-3,No available layers
M9315331,-3,No available layers
M9315332,-3,No available layers
M9315333,-3,No available layers
M9315334,-3,No available layers
M9315335,-3,No available layers
M9320902,-3,No available layers
M9320903,-3,No available layers
M9320920,-3,No available layers
M9320921,-3,No available layers
M9320922,-3,No available layers
M9320923,-3,No available layers
M9320925,-3,No available layers
M9320926,-3,No available layers
M9320927,-3,No available layers
M9320929,-3,No available layers
M9320930,-3,No available layers
M9320931,-3,No available layers
M9320932,-3,No available layers
M9320933,-3,No available layers
M9320934,-3,No available layers
M9320935,-3,No available layers
M9320936,-3,No available layers
M9320937,-3,No available layers
M9320956,-3,No available layers
M9320957,-3,No available layers
M9320959,-3,No available layers
M9320963,-3,No available layers
M9320964,-3,No available layers
M9320965,-3,No available layers
M9320966,-3,No available layers
M9322301,-3,No available layers
M9322302,-3,No available layers
M9322303,-3,No available layers
M9322304,-3,No available layers
M9322305,-3,No available layers
M9322306,-3,No available layers
M9322307,-3,No available layers
M9322308,-3,No available layers
M9322310,-3,No available layers
M9322311,-3,No available layers
M9322312,-3,No available layers
M9322313,-3,No available layers
M9322314,-3,No available layers
M9322315,-3,No available layers
M9322316,-3,No available layers
M9322317,-3,No available layers
M9361318,-3,No available layers
M9406703,-3,No available layers
M9406716,-3,No available layers
M9409702,-3,No available layers
M9409705,-3,No available layers
M9409707,-3,No available layers
M9409708,-3,No available layers
M9409709,-3,No available layers
M9409710,-3,No available layers
M9409744,-3,No available layers
M9409745,-3,No available layers
M9415331,-3,No available layers
M9415355,-3,No available layers
M9415356,-3,No available layers
M9415357,-3,No available layers
M9420908,-3,No available layers
M9420909,-3,No available layers
M9420910,-3,No available layers
M9422360,-3,No available layers
M9506710,-3,No available layers
M9512301,-3,No available layers
M9515314,-3,No available layers
M9515315,-3,No available layers
M9515327,-3,No available layers
M9515338,-3,No available layers
M9515339,-3,No available layers
M9515340,-3,No available layers
M9609709,-3,No available layers
M9611968,-3,No available layers
M9611969,-3,No available layers
M9611970,-3,No available layers
M9611971,-3,No available layers
M9611972,-3,No available layers
M9611973,-3,No available layers
M9611975,-3,No available layers
M9709120,-3,No available layers
M9709123,-3,No available layers
M9715325,-3,No available layers
M9761330,-3,No available layers
M9761384,-3,No available layers
M9822311,-3,No available layers
M9822313,-3,No available layers
M9861351,-3,No available layers
M9861358,-3,No available layers
M9861359,-3,No available layers
M9861369,-3,No available layers
M9914505,-3,No available layers
M9961396,-3,No available layers
M9961398,-3,No available layers
S00AL-015-1,-3,No available layers
S00AL-015-2,-3,No available layers
S00AL-015-3,-3,No available layers
S00AL-015-4,-3,No available layers
S00AL-041-1,-3,No available layers
S00AL-041-3,-3,No available layers
S00AL-123-2,-3,No available layers
S01AL-041-1,-3,No available layers
S01AL-041-2,-3,No available layers
S01AL-065-1,-3,No available layers
S01AL-065-2,-3,No available layers
S01AL-065-3,-3,No available layers
S01AL-089-1,-3,No available layers
S01AL-089-2,-3,No available layers
S01AL-089-3,-3,No available layers
S01AL-089-4,-3,No available layers
S01AL-089-5,-3,No available layers
S01AL-089-6,-3,No available layers
S01AL-089-7,-3,No available layers
S01AL-089-8,-3,No available layers
S01LA-001-001,-3,No available layers
S01LA-001-002,-3,No available layers
S01LA-001-003,-3,No available layers
S01TX-199-002,-3,No available layers
S01TX-199-003,-3,No available layers
S01TX-241-002,-3,No available layers
S01TX-241-003,-3,No available layers
S01TX-455-001,-3,No available layers
S01TX-455-002,-3,No available layers
S02AL-025-1,-3,No available layers
S02AL-041-1,-3,No available layers
S02AL-041-2,-3,No available layers
S02AL-041-3,-3,No available layers
S02AL-069-1,-3,No available layers
S02AL-069-2,-3,No available layers
S02AL-069-3,-3,No available layers
S02AL-069-4,-3,No available layers
S03_013,-3,No available layers
S03AL-007-1,-3,No available layers
S03AL-041-1,-3,No available layers
S03AL-041-2,-3,No available layers
S04AL-041-1,-3,No available layers
S04AL-041-2,-3,No available layers
S04AL-083-3,-3,No available layers
S04AL-089-1,-3,No available layers
S05_003,-1,No mineral soil
S05_012,-1,No mineral soil
S05_014,-2,Less than 3 layers (in zstarfunc)
S05_027,-3,No available layers
S05_050,-3,No available layers
S05_051,-3,No available layers
S05AL-007-1,-3,No available layers
S05AL-007-2,-3,No available layers
S05AL-033-1,-3,No available layers
S05AL-041-1,-3,No available layers
S05AL-079-1,-3,No available layers
S05AL-083-1,-3,No available layers
S05AL-083-2,-3,No available layers
S05AL-129-1,-3,No available layers
S06_003,-3,No available layers
S06_004,-3,No available layers
S06_006,-2,Less than 3 layers (in zstarfunc)
S06_007,-2,Less than 3 layers (in zstarfunc)
S06_008,-3,No available layers
S06_009,-3,No available layers
S06_012,-2,Less than 3 layers (in zstarfunc)
S06_014,-2,Less than 3 layers (in zstarfunc)
S06AL-007-1,-3,No available layers
S06AL-007-3,-3,No available layers
S06AL-041-1,-3,No available layers
S06AL-041-2,-3,No available layers
S06AL-041-3,-3,No available layers
S06AL-041-4,-3,No available layers
S06AL-041-5,-3,No available layers
S06AL-041-6,-3,No available layers
S06AL-053-1,-3,No available layers
S06FL133008,-2,Less than 3 layers (in zstarfunc)
S06FL133012,-2,Less than 3 layers (in zstarfunc)
S07AL-003-1,-3,No available layers
S07AL-129-1,-3,No available layers
S07AL-129-2,-3,No available layers
S08TX109023,-2,Less than 3 layers (in zstarfunc)
S08TX109024,-2,Less than 3 layers (in zstarfunc)
S09_019,-2,Less than 3 layers (in zstarfunc)
S09_020,-2,Less than 3 layers (in zstarfunc)
S11_002,-3,No available layers
S11_004,-3,No available layers
S11_005,-3,No available layers
S11TX2897001,-3,No available layers
S11TX2897002,-3,No available layers
S11TX2897003,-3,No available layers
S11TX2897004,-3,No available layers
S11TX2897005,-3,No available layers
S11TX2897006,-3,No available layers
S11TX2897007,-3,No available layers
S11TX2897008,-3,No available layers
S11TX2897009,-3,No available layers
S11TX2897010,-3,No available layers
S11TX2897011,-3,No available layers
S11TX2897012,-3,No available layers
S11TX2897013,-3,No available layers
S11TX2897014,-3,No available layers
S11TX2897015,-3,No available layers
S11TX2897016,-3,No available layers
S11TX2897017,-3,No available layers
S11TX2897018,-3,No available layers
S11TX2897019,-3,No available layers
S11TX2897021,-3,No available layers
S11TX2897023,-3,No available layers
S11TX2897025,-3,No available layers
S13_001,-3,No available layers
S13_002,-3,No available layers
S13_003,-3,No available layers
S13_004,-3,No available layers
S13_005,-3,No available layers
S13_006,-3,No available layers
S13_007,-3,No available layers
S13_200,-3,No available layers
S13_202,-3,No available layers
S13_205,-3,No available layers
S13_206,-3,No available layers
S13_207,-3,No available layers
S14_007,-2,Less than 3 layers (in zstarfunc)
S26_019,-2,Less than 3 layers (in zstarfunc)
S31_009,-3,No available layers
S36_006,-2,Less than 3 layers (in zstarfunc)
S38_008,-3,No available layers
S38_013,-3,No available layers
S38_014,-3,No available layers
S38_015,-3,No available layers
S38_016,-3,No available layers
S43_015,-2,Less than 3 layers (in zstarfunc)
S44_001,-3,No available layers
S44_002,-3,No available layers
S44_003,-3,No available layers
S44_004,-3,No available layers
S44_005,-3,No available layers
S44_006,-3,No available layers
S44_007,-3,No available layers
S44_010,-3,No available layers
S44_011,-3,No available layers
S49_013,-1,No mineral soil
S49_019,-2,Less than 3 layers (in zstarfunc)
S49_020,-1,No mineral soil
S50_003,-3,No available layers
S50_004,-3,No available layers
S50_006,-2,Less than 3 layers (in zstarfunc)
S50_008,-1,No mineral soil
S50_009,-3,No available layers
S50_018,-2,Less than 3 layers (in zstarfunc)
S50_026,-3,No available layers
S50_027,-1,No mineral soil
S51_015,-2,Less than 3 layers (in zstarfunc)
S53_017,-2,Less than 3 layers (in zstarfunc)
S55_018,-2,Less than 3 layers (in zstarfunc)
S55_019,-2,Less than 3 layers (in zstarfunc)
S55_020,-2,Less than 3 layers (in zstarfunc)
S57_002,-3,No available layers
S57_003,-3,No available layers
S57_006,-3,No available layers
S57_009,-3,No available layers
S57_015,-1,No mineral soil
S66_011,-2,Less than 3 layers (in zstarfunc)
S66_012,-2,Less than 3 layers (in zstarfunc)
S66_013,-2,Less than 3 layers (in zstarfunc)
S66_014,-2,Less than 3 layers (in zstarfunc)
S66_015,-2,Less than 3 layers (in zstarfunc)
S70AL-009-1,-3,No available layers
S70AL-009-10,-3,No available layers
S70AL-009-2,-3,No available layers
S70AL-009-3,-3,No available layers
S70AL-009-4,-3,No available layers
S70AL-009-5,-3,No available layers
S70AL-009-6,-3,No available layers
S70AL-009-8,-3,No available layers
S70AL-009-9,-3,No available layers
S70AL-077-1,-3,No available layers
S70AL-077-2,-3,No available layers
S70AL-077-3,-3,No available layers
S70AL-077-4,-3,No available layers
S70AL-077-7,-3,No available layers
S70AL-077-8,-3,No available layers
S71AL-009-1,-3,No available layers
S71AL-009-2,-3,No available layers
S71AL-009-3,-3,No available layers
S71AL-009-4,-3,No available layers
S71AL-009-5,-3,No available layers
S71AL-009-6,-3,No available layers
S71AL-009-7,-3,No available layers
S71AL-009-9,-3,No available layers
S71AL-025-1,-3,No available layers
S71AL-025-3,-3,No available layers
S71AL-025-6,-3,No available layers
S71AL-025-7,-3,No available layers
S71AL-025-8,-3,No available layers
S72AL-025-10,-3,No available layers
S72AL-025-11,-3,No available layers
S72AL-029-10,-3,No available layers
S72AL-029-5,-3,No available layers
S72AL-029-6,-3,No available layers
S72AL-029-9,-3,No available layers
S72AL-097-1,-3,No available layers
S72AL-097-10,-3,No available layers
S72AL-097-2,-3,No available layers
S72AL-097-3,-3,No available layers
S72AL-097-4,-3,No available layers
S72AL-097-7,-3,No available layers
S72AL-097-8,-3,No available layers
S72AL-097-9,-3,No available layers
S73AL-009-3,-3,No available layers
S73AL-081-1,-3,No available layers
S73AL-081-2,-3,No available layers
S73AL-081-3,-3,No available layers
S73AL-081-4,-3,No available layers
S73AL-097-1,-3,No available layers
S73AL-097-2,-3,No available layers
S73AL-097-3,-3,No available layers
S74AL-055-1,-3,No available layers
S74AL-055-2,-3,No available layers
S74AL-055-3,-3,No available layers
S74AL-055-5,-3,No available layers
S74AL-055-6,-3,No available layers
S74AL-055-7,-3,No available layers
S74AL-081-5,-3,No available layers
S75AL-065-1,-3,No available layers
S75AL-065-2,-3,No available layers
S75AL-083-1,-3,No available layers
S75AL-083-2,-3,No available layers
S77AL-033-1,-3,No available layers
S77AL-033-2,-3,No available layers
S77AL-033-3,-3,No available layers
S77AL-033-4,-3,No available layers
S77AL-033-5,-3,No available layers
S77AL-033-6,-3,No available layers
S80TX043012,-2,Less than 3 layers (in zstarfunc)
S81AL-033-1,-3,No available layers
S81TX267001,-2,Less than 3 layers (in zstarfunc)
S83AL-091-15,-3,No available layers
S84AL-091-23,-3,No available layers
S84AL-091-24,-3,No available layers
S84AL-109-10,-3,No available layers
S84AL-109-14,-3,No available layers
S84AL-109-23,-3,No available layers
S85AL-105-1,-3,No available layers
S85AL-109-2,-3,No available layers
S85AL-109-4,-3,No available layers
S86AL-067-1,-3,No available layers
S86AL-087-1,-3,No available layers
S86AL-087-2,-3,No available layers
S86AL-087-3,-3,No available layers
S86AL-105-1,-3,No available layers
S86AL-105-2,-3,No available layers
S86AL-105-3,-3,No available layers
S86AL-105-4,-3,No available layers
S86AL-105-5,-3,No available layers
S86AL-105-6,-3,No available layers
S87AL-023-1,-3,No available layers
S87AL-023-2,-3,No available layers
S87AL-025-1,-3,No available layers
S87AL-025-2,-3,No available layers
S87AL-087-1,-3,No available layers
S87AL-087-2,-3,No available layers
S87AL-091-1,-3,No available layers
S87AL-091-2,-3,No available layers
S87AL-091-3,-3,No available layers
S87AL-091-4,-3,No available layers
S87AL-091-5,-3,No available layers
S87AL-105-1,-3,No available layers
S87AL-105-2,-3,No available layers
S87AL-105-3,-3,No available layers
S87AL-109-1,-3,No available layers
S87AL-109-2,-3,No available layers
S87AL-109-3,-3,No available layers
S87AL-109-4,-3,No available layers
S87AL-109-5,-3,No available layers
S87AL-109-6,-3,No available layers
S87AL-109-7,-3,No available layers
S87AL-109-8,-3,No available layers
S88AL-087-1,-3,No available layers
S88AL-087-2,-3,No available layers
S88AL-091-1,-3,No available layers
S88AL-091-2,-3,No available layers
S88AL-105-1,-3,No available layers
S88AL-105-2,-3,No available layers
S88AL-105-3,-3,No available layers
S88AL-131-1,-3,No available layers
S88AL-131-2,-3,No available layers
S88AL-131-3,-3,No available layers
S88AL-131-4,-3,No available layers
S88AL-131-5,-3,No available layers
S89AL-005-1,-3,No available layers
S89AL-005-3,-3,No available layers
S89AL-005-4,-3,No available layers
S89AL-005-5,-3,No available layers
S89AL-005-6,-3,No available layers
S89AL-023-1,-3,No available layers
S89AL-023-2,-3,No available layers
S89AL-023-3,-3,No available layers
S89AL-023-4,-3,No available layers
S89AL-025-1,-3,No available layers
S89AL-087-1,-3,No available layers
S89AL-087-2,-3,No available layers
S89AL-087-4,-3,No available layers
S89AL-087-5,-3,No available layers
S89AL-091-4,-3,No available layers
S89AL-091-5,-3,No available layers
S89AL-105-1,-3,No available layers
S89AL-105-2,-3,No available layers
S89AL-105-3,-3,No available layers
S89AL-105-4,-3,No available layers
S89AL-105-5,-3,No available layers
S89AL-131-1,-3,No available layers
S89AL-131-2,-3,No available layers
S89AL-131-3,-3,No available layers
S89AL-131-4,-3,No available layers
S89AL-131-5,-3,No available layers
S90AL-029-6,-3,No available layers
S90AL-091-3,-3,No available layers
S90AL-131-1,-3,No available layers
S90AL-131-3,-3,No available layers
S90TX043001,-2,Less than 3 layers (in zstarfunc)
S90TX043003,-2,Less than 3 layers (in zstarfunc)
S90TX043006,-2,Less than 3 layers (in zstarfunc)
S90TX043007,-2,Less than 3 layers (in zstarfunc)
S91AL-023-1,-3,No available layers
S91AL-087-1,-3,No available layers
S91AL-087-3,-3,No available layers
S91AL-087-4,-3,No available layers
S91AL-087-5,-3,No available layers
S91AL-087-6,-3,No available layers
S91AL-087-7,-3,No available layers
S92AL-023-1,-3,No available layers
S92AL-023-2,-3,No available layers
S92AL-023-3,-3,No available layers
S92AL-091-1,-3,No available layers
S92AL-091-2,-3,No available layers
S92AL-113-1,-3,No available layers
S92AL-113-2,-3,No available layers
S92AL-113-3,-3,No available layers
S92AL-113-4,-3,No available layers
S92AL-113-5,-3,No available layers
S92AL-113-6,-3,No available layers
S92AL-113-7,-3,No available layers
S92AL-113-8,-3,No available layers
S92AL-123-1,-3,No available layers
S92AL-123-2,-3,No available layers
S92AL-123-3,-3,No available layers
S92AL-123-4,-3,No available layers
S92AL-123-5,-3,No available layers
S92AL-123-6,-3,No available layers
S92AL-123-7,-3,No available layers
S92AL-131-1,-3,No available layers
S92AL-131-2,-3,No available layers
S92AL-131-3,-3,No available layers
S93AL-023-3,-3,No available layers
S93AL-025-1,-3,No available layers
S93AL-123-1,-3,No available layers
S93AL-123-2,-3,No available layers
S93AL-123-3,-3,No available layers
S93TX377002,-2,Less than 3 layers (in zstarfunc)
S93TX377003,-2,Less than 3 layers (in zstarfunc)
S94AL-123-1,-3,No available layers
S94AL-131-1,-3,No available layers
S94AL-131-2,-3,No available layers
S94AL-131-3,-3,No available layers
S95AL-023-1,-3,No available layers
S95AL-023-2,-3,No available layers
S95AL-023-3,-3,No available layers
S95AL-087-1,-3,No available layers
S95AL-087-2,-3,No available layers
S95AL-087-3,-3,No available layers
S95AL-087-4,-3,No available layers
S95AL-123-1,-3,No available layers
S95AL123-2,-3,No available layers
S95AL-123-3,-3,No available layers
S96AL-023-1,-3,No available layers
S96AL-023-2,-3,No available layers
S96AL-123-1,-3,No available layers
S96AL-123-2,-3,No available layers
S96AL-123-3,-3,No available layers
S96AL-123-4,-3,No available layers
S97AL-123-1,-3,No available layers
S97AL-123-2,-3,No available layers
S97AL-123-3,-3,No available layers
S98AL-065-1,-3,No available layers
S98TX261005,-3,No available layers
S99AL-005-1,-3,No available layers
S99AL005-2,-3,No available layers
S99AL-005-3,-3,No available layers
S99AL-037-1,-3,No available layers
S99AL-065-1,-3,No available layers
S99AL-065-2,-3,No available layers
S99AL-065-3,-3,No available layers
S99AL-065-4,-3,No available layers
S99AL-065-5,-3,No available layers
S99AL-123-1,-3,No available layers
S99AL-123-2,-3,No available layers
S99AL-123-3,-3,No available layers
S99AL-131-6,-3,No available layers
UCD08JER013,-2,Less than 3 layers (in zstarfunc)
UCD5510001,-3,No available layers
UCD5510002,-3,No available layers
UCD5510003,-3,No available layers
UCD5610005,-3,No available layers
UCD5610008,-3,No available layers
UCD5910006,-3,No available layers
UCD5910008,-3,No available layers
UCD5910011,-3,No available layers
VPI0210,-3,No available layers
VPI0213,-3,No available layers
VPI0217,-3,No available layers
VPI0219,-3,No available layers
VPI0220,-3,No available layers
VPI0222,-3,No available layers
VPI0223,-3,No available layers
VPI0224,-3,No available layers
VPI0225,-3,No available layers
VPI0226,-3,No available layers
VPI0231,-3,No available layers
VPI0236,-3,No available layers
VPI0237,-3,No available layers
VPI0241,-3,No available layers
VPI0246,-3,No available layers
VPI0248,-3,No available layers
VPI0250,-3,No available layers
VPI0252,-3,No available layers
VPI0256,-3,No available layers
VPI0258,-3,No available layers
VPI0266,-3,No available layers
VPI0270,-3,No available layers
VPI0276,-3,No available layers
VPI0279,-3,No available layers
VPI0285,-3,No available layers
VPI0308,-3,No available layers
VPI0309,-3,No available layers
VPI0310,-3,No available layers
VPI0311,-3,No available layers
VPI0312,-3,No available layers
VPI0313,-3,No available layers
VPI0328,-3,No available layers
VPI0329,-3,No available layers
VPI0330,-3,No available layers
VPI0331,-3,No available layers
VPI0333,-3,No available layers
VPI0334,-3,No available layers
VPI0335,-3,No available layers
VPI0336,-3,No available layers
VPI0337,-3,No available layers
VPI0338,-3,No available layers
VPI0339,-3,No available layers
VPI0340,-3,No available layers
VPI0341,-3,No available layers
VPI0342,-3,No available layers
VPI0343,-3,No available layers
VPI0344,-3,No available layers
VPI0345,-3,No available layers
VPI0346,-3,No available layers
VPI0347,-3,No available layers
VPI0348,-3,No available layers
VPI0349,-3,No available layers
VPI0350,-3,No available layers
VPI0351,-3,No available layers
VPI0352,-3,No available layers
VPI0353,-3,No available layers
VPI0354,-3,No available layers
VPI0355,-3,No available layers
VPI0356,-3,No available layers
VPI0357,-3,No available layers
VPI0358,-3,No available layers
VPI0359,-3,No available layers
VPI0361,-3,No available layers
VPI0362,-3,No available layers
VPI0363,-3,No available layers
VPI0364,-3,No available layers
VPI0365,-3,No available layers
VPI0366,-3,No available layers
VPI0367,-3,No available layers
VPI0371,-3,No available layers
VPI0375,-3,No available layers
VPI0376,-3,No available layers
VPI0377,-3,No available layers
VPI0379,-3,No available layers
VPI0380,-3,No available layers
VPI0381,-3,No available layers
VPI0382,-3,No available layers
VPI0390,-3,No available layers
VPI0391,-3,No available layers
VPI0393,-3,No available layers
VPI0394,-3,No available layers
VPI0396,-3,No available layers
VPI0399,-3,No available layers
VPI0400,-3,No available layers
VPI0401,-3,No available layers
VPI0402,-3,No available layers
VPI0403,-3,No available layers
VPI0404,-3,No available layers
VPI0405,-2,Less than 3 layers (in zstarfunc)
VPI0406,-2,Less than 3 layers (in zstarfunc)
VPI0407,-2,Less than 3 layers (in zstarfunc)
VPI0408,-3,No available layers
VPI0410,-3,No available layers
VPI0412,-3,No available layers
VPI0413,-3,No available layers
VPI0416,-3,No available layers
VPI0417,-3,No available layers
VPI0420,-3,No available layers
VPI0425,-3,No available layers
VPI0426,-3,No available layers
VPI0427,-3,No available layers
VPI0431,-3,No available layers
VPI0432,-3,No available layers
VPI0433,-3,No available layers
VPI0437,-3,No available layers
VPI0438,-3,No available layers
VPI0439,-3,No available layers
VPI0442,-3,No available layers
VPI0443,-3,No available layers
VPI0444,-2,Less than 3 layers (in zstarfunc)
VPI0445,-2,Less than 3 layers (in zstarfunc)
VPI0446,-2,Less than 3 layers (in zstarfunc)
VPI0447,-2,Less than 3 layers (in zstarfunc)
VPI0450,-3,No available layers
VPI0451,-3,No available layers
VPI0454,-3,No available layers
VPI0455,-3,No available layers
VPI0456,-3,No available layers
VPI0457,-3,No available layers
VPI0466,-3,No available layers
VPI0469,-3,No available layers
VPI0470,-3,No available layers
VPI0473,-3,No available layers
VPI0474,-3,No available layers
Loblolly100.1986,-2,Less than 3 layers (in zstarfunc)
Loblolly102.1986,-2,Less than 3 layers (in zstarfunc)
Loblolly38.1986,-2,Less than 3 layers (in zstarfunc)
Loblolly40.1986,-2,Less than 3 layers (in zstarfunc)
Loblolly42.1986,-2,Less than 3 layers (in zstarfunc)
Loblolly44.1986,-2,Less than 3 layers (in zstarfunc)
Loblolly46.1986,-2,Less than 3 layers (in zstarfunc)
Loblolly48.1986,-2,Less than 3 layers (in zstarfunc)
Loblolly50.1986,-2,Less than 3 layers (in zstarfunc)
Loblolly52.1986,-2,Less than 3 layers (in zstarfunc)
Loblolly54.1986,-2,Less than 3 layers (in zstarfunc)
Loblolly56.1986,-2,Less than 3 layers (in zstarfunc)
Loblolly58.1986,-2,Less than 3 layers (in zstarfunc)
Loblolly60.1986,-2,Less than 3 layers (in zstarfunc)
Loblolly62.1986,-2,Less than 3 layers (in zstarfunc)
Loblolly64.1986,-2,Less than 3 layers (in zstarfunc)
Loblolly66.1986,-2,Less than 3 layers (in zstarfunc)
Loblolly68.1986,-2,Less than 3 layers (in zstarfunc)
Loblolly70.1986,-2,Less than 3 layers (in zstarfunc)
Loblolly72.1986,-2,Less than 3 layers (in zstarfunc)
Loblolly74.1986,-2,Less than 3 layers (in zstarfunc)
Loblolly76.1986,-2,Less than 3 layers (in zstarfunc)
Loblolly78.1986,-2,Less than 3 layers (in zstarfunc)
Loblolly80.1986,-2,Less than 3 layers (in zstarfunc)
Loblolly82.1986,-2,Less than 3 layers (in zstarfunc)
Loblolly84.1986,-2,Less than 3 layers (in zstarfunc)
Loblolly86.1986,-2,Less than 3 layers (in zstarfunc)
Loblolly88.1986,-2,Less than 3 layers (in zstarfunc)
Loblolly90.1986,-2,Less than 3 layers (in zstarfunc)
Loblolly92.1986,-2,Less than 3 layers (in zstarfunc)
Loblolly94.1986,-2,Less than 3 layers (in zstarfunc)
Loblolly96.1986,-2,Less than 3 layers (in zstarfunc)
Loblolly98.1986,-2,Less than 3 layers (in zstarfunc)
ORNL_TDE_D_187,-2,Less than 3 layers (in zstarfunc)
EFETAC.NCLP.10.1.1,-2,Less than 3 layers (in zstarfunc)
EFETAC.NCLP.10.1.2,-2,Less than 3 layers (in zstarfunc)
feld199100019,-3,No available layers
feld199100036,-3,No available layers
feld199100037,-3,No available layers
feld199100049,-3,No available layers
uark196300300,-3,No available layers
uark196300309,-3,No available layers
uark196300378,-3,No available layers
uark196300384,-3,No available layers
uark196300391,-3,No available layers
uark196400084,-3,No available layers
uark196400197,-3,No available layers
uark196400198,-3,No available layers
uark196400210,-3,No available layers
uark196500027,-3,No available layers
uark196500225,-3,No available layers
uark196500230,-3,No available layers
uark196800062,-3,No available layers
11001,-3,No available layers
11002,-3,No available layers
11003,-3,No available layers
11004,-3,No available layers
11005,-3,No available layers
11006,-3,No available layers
11007,-3,No available layers
11008,-3,No available layers
11009,-3,No available layers
11010,-3,No available layers
11011,-3,No available layers
11012,-3,No available layers
11013,-3,No available layers
11014,-3,No available layers
20011,-2,Less than 3 layers (in zstarfunc)
20012,-2,Less than 3 layers (in zstarfunc)
21006,-1,No mineral soil
21007,-1,No mineral soil
32002,-3,No available layers
51004,-1,No mineral soil
51008,-1,No mineral soil
60043,-2,Less than 3 layers (in zstarfunc)
60145,-3,No available layers
62027,-3,No available layers
62041,-2,Less than 3 layers (in zstarfunc)
62053,-3,No available layers
62087,-3,No available layers
62096,-2,Less than 3 layers (in zstarfunc)
62223,-2,Less than 3 layers (in zstarfunc)
62279,-2,Less than 3 layers (in zstarfunc)
74009,-2,Less than 3 layers (in zstarfunc)
74010,-3,No available layers
74012,-3,No available layers
74016,-3,No available layers
74017,-3,No available layers
74019,-2,Less than 3 layers (in zstarfunc)
74021,-2,Less than 3 layers (in zstarfunc)
74022,-3,No available layers
74039,-2,Less than 3 layers (in zstarfunc)
78001,-2,Less than 3 layers (in zstarfunc)
85094,-2,Less than 3 layers (in zstarfunc)
1002029,-2,Less than 3 layers (in zstarfunc)
1002045,-2,Less than 3 layers (in zstarfunc)
1003033,-2,Less than 3 layers (in zstarfunc)
1003034,-2,Less than 3 layers (in zstarfunc)
1003035,-2,Less than 3 layers (in zstarfunc)
1003036,-2,Less than 3 layers (in zstarfunc)
1003037,-2,Less than 3 layers (in zstarfunc)
1003108,-2,Less than 3 layers (in zstarfunc)
1003110,-2,Less than 3 layers (in zstarfunc)
1003111,-2,Less than 3 layers (in zstarfunc)
1003112,-2,Less than 3 layers (in zstarfunc)
1003113,-2,Less than 3 layers (in zstarfunc)
1003114,-2,Less than 3 layers (in zstarfunc)
1003117,-2,Less than 3 layers (in zstarfunc)
1009010,-2,Less than 3 layers (in zstarfunc)
1009011,-2,Less than 3 layers (in zstarfunc)
1009012,-2,Less than 3 layers (in zstarfunc)
1012002,-2,Less than 3 layers (in zstarfunc)
1012004,-2,Less than 3 layers (in zstarfunc)
1012005,-2,Less than 3 layers (in zstarfunc)
1012007,-2,Less than 3 layers (in zstarfunc)
1013010,-2,Less than 3 layers (in zstarfunc)
1013011,-2,Less than 3 layers (in zstarfunc)
1013012,-2,Less than 3 layers (in zstarfunc)
1013013,-2,Less than 3 layers (in zstarfunc)
1013014,-2,Less than 3 layers (in zstarfunc)
1013015,-2,Less than 3 layers (in zstarfunc)
1013016,-2,Less than 3 layers (in zstarfunc)
1013017,-2,Less than 3 layers (in zstarfunc)
1013018,-2,Less than 3 layers (in zstarfunc)
1013019,-2,Less than 3 layers (in zstarfunc)
1013020,-2,Less than 3 layers (in zstarfunc)
1013021,-2,Less than 3 layers (in zstarfunc)
1013022,-2,Less than 3 layers (in zstarfunc)
1013023,-2,Less than 3 layers (in zstarfunc)
1013024,-2,Less than 3 layers (in zstarfunc)
1013025,-2,Less than 3 layers (in zstarfunc)
2001010,-2,Less than 3 layers (in zstarfunc)
2007001,-3,No available layers
2007002,-3,No available layers
2007003,-3,No available layers
2007004,-3,No available layers
2007005,-3,No available layers
2007006,-3,No available layers
2068002,-3,No available layers
2068016,-3,No available layers
2070002,-3,No available layers
2070007,-3,No available layers
2070034,-3,No available layers
2070064,-3,No available layers
2072011,-2,Less than 3 layers (in zstarfunc)
2072012,-2,Less than 3 layers (in zstarfunc)
2072013,-2,Less than 3 layers (in zstarfunc)
4004002,-2,Less than 3 layers (in zstarfunc)
4004006,-2,Less than 3 layers (in zstarfunc)
4004007,-2,Less than 3 layers (in zstarfunc)
4004011,-2,Less than 3 layers (in zstarfunc)
4006001,-2,Less than 3 layers (in zstarfunc)
4006002,-2,Less than 3 layers (in zstarfunc)
4006003,-2,Less than 3 layers (in zstarfunc)
4006004,-2,Less than 3 layers (in zstarfunc)
4006005,-2,Less than 3 layers (in zstarfunc)
4006006,-2,Less than 3 layers (in zstarfunc)
4006007,-2,Less than 3 layers (in zstarfunc)
4006008,-2,Less than 3 layers (in zstarfunc)
4006009,-2,Less than 3 layers (in zstarfunc)
4006010,-2,Less than 3 layers (in zstarfunc)
4007020,-2,Less than 3 layers (in zstarfunc)
4007024,-2,Less than 3 layers (in zstarfunc)
4008013,-3,No available layers
4009001,-2,Less than 3 layers (in zstarfunc)
4010001,-2,Less than 3 layers (in zstarfunc)
4011002,-2,Less than 3 layers (in zstarfunc)
4011020,-2,Less than 3 layers (in zstarfunc)
4011023,-2,Less than 3 layers (in zstarfunc)
4011027,-3,No available layers
4011028,-2,Less than 3 layers (in zstarfunc)
4011029,-2,Less than 3 layers (in zstarfunc)
4011030,-2,Less than 3 layers (in zstarfunc)
4011037,-2,Less than 3 layers (in zstarfunc)
4011044,-2,Less than 3 layers (in zstarfunc)
4011046,-2,Less than 3 layers (in zstarfunc)
4011052,-2,Less than 3 layers (in zstarfunc)
4011056,-2,Less than 3 layers (in zstarfunc)
4011063,-2,Less than 3 layers (in zstarfunc)
4011065,-2,Less than 3 layers (in zstarfunc)
4011068,-2,Less than 3 layers (in zstarfunc)
4011078,-2,Less than 3 layers (in zstarfunc)
4011079,-2,Less than 3 layers (in zstarfunc)
4011080,-2,Less than 3 layers (in zstarfunc)
4011081,-2,Less than 3 layers (in zstarfunc)
4011083,-2,Less than 3 layers (in zstarfunc)
4011084,-2,Less than 3 layers (in zstarfunc)
4011087,-2,Less than 3 layers (in zstarfunc)
4011099,-2,Less than 3 layers (in zstarfunc)
4011101,-2,Less than 3 layers (in zstarfunc)
4011110,-2,Less than 3 layers (in zstarfunc)
4011112,-2,Less than 3 layers (in zstarfunc)
4011122,-2,Less than 3 layers (in zstarfunc)
5001007,-2,Less than 3 layers (in zstarfunc)
5001008,-2,Less than 3 layers (in zstarfunc)
5001009,-2,Less than 3 layers (in zstarfunc)
6007008,-2,Less than 3 layers (in zstarfunc)
7006001,-2,Less than 3 layers (in zstarfunc)
7006003,-2,Less than 3 layers (in zstarfunc)
7006004,-2,Less than 3 layers (in zstarfunc)
7006005,-2,Less than 3 layers (in zstarfunc)
7006007,-2,Less than 3 layers (in zstarfunc)
7006008,-2,Less than 3 layers (in zstarfunc)
7006009,-2,Less than 3 layers (in zstarfunc)
7006012,-2,Less than 3 layers (in zstarfunc)
7006013,-2,Less than 3 layers (in zstarfunc)
7006014,-2,Less than 3 layers (in zstarfunc)
7006015,-2,Less than 3 layers (in zstarfunc)
7006017,-3,No available layers
7006023,-2,Less than 3 layers (in zstarfunc)
7006026,-2,Less than 3 layers (in zstarfunc)
7006028,-2,Less than 3 layers (in zstarfunc)
7006032,-2,Less than 3 layers (in zstarfunc)
7006033,-2,Less than 3 layers (in zstarfunc)
7006034,-2,Less than 3 layers (in zstarfunc)
7006035,-2,Less than 3 layers (in zstarfunc)
7006039,-2,Less than 3 layers (in zstarfunc)
7006040,-2,Less than 3 layers (in zstarfunc)
8001028,-2,Less than 3 layers (in zstarfunc)
9001001,-2,Less than 3 layers (in zstarfunc)
9001003,-2,Less than 3 layers (in zstarfunc)
9001005,-2,Less than 3 layers (in zstarfunc)
FGDS1,-3,No available layers
FGDS2,-3,No available layers
00P0134,-2,Less than 3 layers (in zstarfunc)
00P0268,-2,Less than 3 layers (in zstarfunc)
00P0409,-2,Less than 3 layers (in zstarfunc)
00P0410,-2,Less than 3 layers (in zstarfunc)
00P0411,-2,Less than 3 layers (in zstarfunc)
00P0413,-2,Less than 3 layers (in zstarfunc)
00P0414,-2,Less than 3 layers (in zstarfunc)
00P0423,-2,Less than 3 layers (in zstarfunc)
00P0431,-2,Less than 3 layers (in zstarfunc)
00P0433,-2,Less than 3 layers (in zstarfunc)
00P0437,-2,Less than 3 layers (in zstarfunc)
00P0438,-2,Less than 3 layers (in zstarfunc)
00P0439,-2,Less than 3 layers (in zstarfunc)
00P0440,-2,Less than 3 layers (in zstarfunc)
00P0448,-2,Less than 3 layers (in zstarfunc)
00P0449,-2,Less than 3 layers (in zstarfunc)
00P0451,-2,Less than 3 layers (in zstarfunc)
00P0462,-2,Less than 3 layers (in zstarfunc)
00P0684,-2,Less than 3 layers (in zstarfunc)
00P0685,-2,Less than 3 layers (in zstarfunc)
00P0686,-2,Less than 3 layers (in zstarfunc)
00P0860,-2,Less than 3 layers (in zstarfunc)
00P0964,-2,Less than 3 layers (in zstarfunc)
00P0974,-2,Less than 3 layers (in zstarfunc)
01N0568,-1,No mineral soil
01N1040,-2,Less than 3 layers (in zstarfunc)
01N1041,-2,Less than 3 layers (in zstarfunc)
01N1062,-2,Less than 3 layers (in zstarfunc)
01N1063,-2,Less than 3 layers (in zstarfunc)
01P0505,-2,Less than 3 layers (in zstarfunc)
01P0506,-2,Less than 3 layers (in zstarfunc)
01P0507,-2,Less than 3 layers (in zstarfunc)
02N0161,-2,Less than 3 layers (in zstarfunc)
02N0162,-2,Less than 3 layers (in zstarfunc)
02N0163,-2,Less than 3 layers (in zstarfunc)
02N0293,-2,Less than 3 layers (in zstarfunc)
02N0437,-2,Less than 3 layers (in zstarfunc)
02N1017,-2,Less than 3 layers (in zstarfunc)
02N1022,-2,Less than 3 layers (in zstarfunc)
02N1024,-2,Less than 3 layers (in zstarfunc)
02N1027,-2,Less than 3 layers (in zstarfunc)
03N0386,-2,Less than 3 layers (in zstarfunc)
03N0389,-2,Less than 3 layers (in zstarfunc)
03N0420,-2,Less than 3 layers (in zstarfunc)
03N0704,-1,No mineral soil
03N0710,-2,Less than 3 layers (in zstarfunc)
03N0712,-2,Less than 3 layers (in zstarfunc)
03N0782,-2,Less than 3 layers (in zstarfunc)
03N0789,-2,Less than 3 layers (in zstarfunc)
03N0791,-2,Less than 3 layers (in zstarfunc)
03N0792,-2,Less than 3 layers (in zstarfunc)
04N0216,-2,Less than 3 layers (in zstarfunc)
04N0487,-2,Less than 3 layers (in zstarfunc)
04N0490,-2,Less than 3 layers (in zstarfunc)
04N0491,-2,Less than 3 layers (in zstarfunc)
04N0492,-2,Less than 3 layers (in zstarfunc)
04N0493,-2,Less than 3 layers (in zstarfunc)
04N0494,-2,Less than 3 layers (in zstarfunc)
04N0578,-2,Less than 3 layers (in zstarfunc)
04N0775,-2,Less than 3 layers (in zstarfunc)
04N0777,-2,Less than 3 layers (in zstarfunc)
04N0780,-2,Less than 3 layers (in zstarfunc)
04N0946,-999,Optimization failed
05N0129,-2,Less than 3 layers (in zstarfunc)
05N0323,-2,Less than 3 layers (in zstarfunc)
05N0504,-2,Less than 3 layers (in zstarfunc)
06N0204,-2,Less than 3 layers (in zstarfunc)
06N0206,-2,Less than 3 layers (in zstarfunc)
06N0209,-2,Less than 3 layers (in zstarfunc)
06N0678,-2,Less than 3 layers (in zstarfunc)
06N0679,-2,Less than 3 layers (in zstarfunc)
06N0680,-2,Less than 3 layers (in zstarfunc)
06N0681,-2,Less than 3 layers (in zstarfunc)
06N0682,-2,Less than 3 layers (in zstarfunc)
06N0703,-2,Less than 3 layers (in zstarfunc)
06N0708,-2,Less than 3 layers (in zstarfunc)
06N0710,-2,Less than 3 layers (in zstarfunc)
06N0919,-2,Less than 3 layers (in zstarfunc)
06N0920,-2,Less than 3 layers (in zstarfunc)
06N1039,-2,Less than 3 layers (in zstarfunc)
06N1040,-2,Less than 3 layers (in zstarfunc)
06N1041,-2,Less than 3 layers (in zstarfunc)
07N0081,-2,Less than 3 layers (in zstarfunc)
07N0083,-2,Less than 3 layers (in zstarfunc)
07N0194,-2,Less than 3 layers (in zstarfunc)
07N0195,-2,Less than 3 layers (in zstarfunc)
07N0196,-2,Less than 3 layers (in zstarfunc)
07N0197,-2,Less than 3 layers (in zstarfunc)
07N0198,-2,Less than 3 layers (in zstarfunc)
07N0199,-2,Less than 3 layers (in zstarfunc)
07N0200,-2,Less than 3 layers (in zstarfunc)
07N0201,-2,Less than 3 layers (in zstarfunc)
07N0202,-2,Less than 3 layers (in zstarfunc)
07N0203,-2,Less than 3 layers (in zstarfunc)
07N0204,-2,Less than 3 layers (in zstarfunc)
07N0205,-2,Less than 3 layers (in zstarfunc)
07N0206,-2,Less than 3 layers (in zstarfunc)
07N0207,-2,Less than 3 layers (in zstarfunc)
07N0208,-2,Less than 3 layers (in zstarfunc)
07N0209,-2,Less than 3 layers (in zstarfunc)
07N0210,-2,Less than 3 layers (in zstarfunc)
07N0211,-2,Less than 3 layers (in zstarfunc)
07N0212,-2,Less than 3 layers (in zstarfunc)
07N0215,-2,Less than 3 layers (in zstarfunc)
07N0216,-2,Less than 3 layers (in zstarfunc)
07N0217,-2,Less than 3 layers (in zstarfunc)
07N0218,-2,Less than 3 layers (in zstarfunc)
07N0219,-2,Less than 3 layers (in zstarfunc)
07N0220,-2,Less than 3 layers (in zstarfunc)
07N0222,-2,Less than 3 layers (in zstarfunc)
07N0226,-2,Less than 3 layers (in zstarfunc)
07N0304,-2,Less than 3 layers (in zstarfunc)
07N0570,-2,Less than 3 layers (in zstarfunc)
07N0571,-2,Less than 3 layers (in zstarfunc)
07N0572,-2,Less than 3 layers (in zstarfunc)
08N0164,-999,Optimization failed
08N0190,-2,Less than 3 layers (in zstarfunc)
08N0531,-2,Less than 3 layers (in zstarfunc)
08N0532,-2,Less than 3 layers (in zstarfunc)
08N0553,-2,Less than 3 layers (in zstarfunc)
08N0554,-2,Less than 3 layers (in zstarfunc)
08N0555,-2,Less than 3 layers (in zstarfunc)
08N0556,-2,Less than 3 layers (in zstarfunc)
08N0557,-2,Less than 3 layers (in zstarfunc)
08N0558,-2,Less than 3 layers (in zstarfunc)
08N0559,-2,Less than 3 layers (in zstarfunc)
08N0560,-2,Less than 3 layers (in zstarfunc)
08N0561,-2,Less than 3 layers (in zstarfunc)
08N0562,-2,Less than 3 layers (in zstarfunc)
08N0563,-2,Less than 3 layers (in zstarfunc)
08N0564,-2,Less than 3 layers (in zstarfunc)
08N0565,-2,Less than 3 layers (in zstarfunc)
08N0566,-2,Less than 3 layers (in zstarfunc)
09N0060,-2,Less than 3 layers (in zstarfunc)
09N0311,-2,Less than 3 layers (in zstarfunc)
09N0830,-2,Less than 3 layers (in zstarfunc)
09N0841,-2,Less than 3 layers (in zstarfunc)
09N0957,-2,Less than 3 layers (in zstarfunc)
09N0960,-2,Less than 3 layers (in zstarfunc)
10N1052,-2,Less than 3 layers (in zstarfunc)
11N0033,-2,Less than 3 layers (in zstarfunc)
11N8430,-2,Less than 3 layers (in zstarfunc)
11N8431,-2,Less than 3 layers (in zstarfunc)
11N8432,-2,Less than 3 layers (in zstarfunc)
11N8434,-2,Less than 3 layers (in zstarfunc)
11N8865,-2,Less than 3 layers (in zstarfunc)
11N8866,-2,Less than 3 layers (in zstarfunc)
11N8867,-2,Less than 3 layers (in zstarfunc)
11N8868,-2,Less than 3 layers (in zstarfunc)
11N8869,-2,Less than 3 layers (in zstarfunc)
11N8870,-2,Less than 3 layers (in zstarfunc)
12N0005,-2,Less than 3 layers (in zstarfunc)
12N7666,-2,Less than 3 layers (in zstarfunc)
12N7856,-2,Less than 3 layers (in zstarfunc)
12N7972,-2,Less than 3 layers (in zstarfunc)
12N7983,-2,Less than 3 layers (in zstarfunc)
12N8013,-2,Less than 3 layers (in zstarfunc)
12N8014,-2,Less than 3 layers (in zstarfunc)
12N8015,-2,Less than 3 layers (in zstarfunc)
12N8016,-2,Less than 3 layers (in zstarfunc)
12N8017,-2,Less than 3 layers (in zstarfunc)
12N8018,-2,Less than 3 layers (in zstarfunc)
12N8020,-2,Less than 3 layers (in zstarfunc)
12N8021,-2,Less than 3 layers (in zstarfunc)
12N8022,-2,Less than 3 layers (in zstarfunc)
12N8023,-2,Less than 3 layers (in zstarfunc)
12N8024,-2,Less than 3 layers (in zstarfunc)
12N8025,-2,Less than 3 layers (in zstarfunc)
12N8027,-2,Less than 3 layers (in zstarfunc)
12N8028,-2,Less than 3 layers (in zstarfunc)
12N8029,-2,Less than 3 layers (in zstarfunc)
12N8030,-2,Less than 3 layers (in zstarfunc)
12N8034,-2,Less than 3 layers (in zstarfunc)
13N0522,-2,Less than 3 layers (in zstarfunc)
13N0523,-2,Less than 3 layers (in zstarfunc)
13N56386,-2,Less than 3 layers (in zstarfunc)
13N56387,-2,Less than 3 layers (in zstarfunc)
14N0047,-2,Less than 3 layers (in zstarfunc)
40A0542,-3,No available layers
40A3563,-3,No available layers
40A3564,-3,No available layers
40A3573,-3,No available layers
40A3608,-3,No available layers
40A4527,-3,No available layers
40A4978,-3,No available layers
69C0057,-3,No available layers
69C0156,-3,No available layers
71C0075,-3,No available layers
73C0114,-3,No available layers
78P0035,-3,No available layers
78P0181,-3,No available layers
78P0314,-3,No available layers
79P0263,-3,No available layers
79P0443,-3,No available layers
79P0450,-3,No available layers
79P0455,-3,No available layers
80P0081,-3,No available layers
81P0331,-3,No available layers
81P0332,-3,No available layers
81P0333,-3,No available layers
81P0547,-2,Less than 3 layers (in zstarfunc)
82P0132,-3,No available layers
82P0134,-3,No available layers
82P0137,-3,No available layers
82P0138,-3,No available layers
82P0235,-3,No available layers
82P0271,-3,No available layers
82P0274,-3,No available layers
82P0275,-3,No available layers
82P0276,-3,No available layers
82P0277,-3,No available layers
82P0279,-3,No available layers
82P0280,-3,No available layers
82P0283,-3,No available layers
82P0294,-3,No available layers
82P0296,-3,No available layers
82P0384,-3,No available layers
82P0385,-3,No available layers
82P0387,-3,No available layers
82P0390,-3,No available layers
82P0391,-3,No available layers
82P0393,-3,No available layers
82P0395,-3,No available layers
82P0439,-3,No available layers
82P0440,-3,No available layers
82P0441,-3,No available layers
82P0442,-3,No available layers
82P0443,-3,No available layers
83P0284,-3,No available layers
83P0513,-3,No available layers
84P0157,-3,No available layers
84P0223,-3,No available layers
84P0340,-1,No mineral soil
84P0587,-3,No available layers
84P0605,-3,No available layers
84P0627,-3,No available layers
85P0032,-3,No available layers
85P0034,-3,No available layers
85P0035,-3,No available layers
85P0036,-3,No available layers
85P0213,-3,No available layers
85P0214,-3,No available layers
85P0217,-3,No available layers
85P0220,-3,No available layers
85P0224,-3,No available layers
85P0225,-3,No available layers
85P0428,-3,No available layers
85P0611,-3,No available layers
85P0612,-3,No available layers
85P0678,-3,No available layers
85P0681,-3,No available layers
85P0682,-3,No available layers
85P0683,-3,No available layers
86P0310,-2,Less than 3 layers (in zstarfunc)
86P0959,-3,No available layers
87P0050,-2,Less than 3 layers (in zstarfunc)
87P0051,-2,Less than 3 layers (in zstarfunc)
87P0232,-3,No available layers
87P0233,-3,No available layers
87P0234,-2,Less than 3 layers (in zstarfunc)
87P0236,-3,No available layers
87P0237,-3,No available layers
87P0240,-3,No available layers
87P0242,-2,Less than 3 layers (in zstarfunc)
87P0243,-3,No available layers
87P0245,-3,No available layers
87P0246,-3,No available layers
87P0247,-2,Less than 3 layers (in zstarfunc)
87P0248,-3,No available layers
87P0249,-3,No available layers
87P0262,-3,No available layers
87P0430,-2,Less than 3 layers (in zstarfunc)
87P0433,-2,Less than 3 layers (in zstarfunc)
87P0434,-2,Less than 3 layers (in zstarfunc)
87P0444,-2,Less than 3 layers (in zstarfunc)
87P0446,-2,Less than 3 layers (in zstarfunc)
87P0460,-3,No available layers
87P0462,-3,No available layers
87P0471,-2,Less than 3 layers (in zstarfunc)
87P0474,-2,Less than 3 layers (in zstarfunc)
87P0611,-2,Less than 3 layers (in zstarfunc)
87P0648,-2,Less than 3 layers (in zstarfunc)
87P0649,-2,Less than 3 layers (in zstarfunc)
87P0650,-2,Less than 3 layers (in zstarfunc)
87P0651,-2,Less than 3 layers (in zstarfunc)
87P0728,-2,Less than 3 layers (in zstarfunc)
87P0729,-2,Less than 3 layers (in zstarfunc)
87P0825,-3,No available layers
88P0050,-2,Less than 3 layers (in zstarfunc)
88P0051,-2,Less than 3 layers (in zstarfunc)
88P0052,-2,Less than 3 layers (in zstarfunc)
88P0053,-2,Less than 3 layers (in zstarfunc)
88P0058,-3,No available layers
88P0255,-3,No available layers
88P0394,-3,No available layers
88P0431,-3,No available layers
88P0512,-2,Less than 3 layers (in zstarfunc)
88P0513,-2,Less than 3 layers (in zstarfunc)
88P0516,-2,Less than 3 layers (in zstarfunc)
88P0517,-2,Less than 3 layers (in zstarfunc)
88P0803,-3,No available layers
88P0947,-3,No available layers
89P0053,-3,No available layers
89P0455,-3,No available layers
89P0457,-3,No available layers
90P0232,-3,No available layers
90P0233,-3,No available layers
90P0234,-3,No available layers
90P0587,-3,No available layers
90P0666,-2,Less than 3 layers (in zstarfunc)
90P1110,-2,Less than 3 layers (in zstarfunc)
90P1114,-2,Less than 3 layers (in zstarfunc)
91P0150,-3,No available layers
91P0535,-3,No available layers
91P0540,-3,No available layers
91P1169,-2,Less than 3 layers (in zstarfunc)
91P1170,-2,Less than 3 layers (in zstarfunc)
91P1202,-3,No available layers
91P1203,-3,No available layers
92P0089,-2,Less than 3 layers (in zstarfunc)
92P0221,-2,Less than 3 layers (in zstarfunc)
92P0257,-3,No available layers
92P0431,-3,No available layers
92P0432,-3,No available layers
92P0471,-3,No available layers
92P0822,-2,Less than 3 layers (in zstarfunc)
92P0823,-2,Less than 3 layers (in zstarfunc)
92P0890,-3,No available layers
92P0900,-3,No available layers
92P0901,-3,No available layers
92P0902,-3,No available layers
92P0904,-3,No available layers
92P0975,-3,No available layers
92P0976,-3,No available layers
92P0977,-3,No available layers
92P0987,-3,No available layers
92P0988,-3,No available layers
93P0143,-2,Less than 3 layers (in zstarfunc)
93P0145,-2,Less than 3 layers (in zstarfunc)
93P0293,-3,No available layers
93P0440,-2,Less than 3 layers (in zstarfunc)
93P0447,-2,Less than 3 layers (in zstarfunc)
93P0502,-3,No available layers
93P0646,-2,Less than 3 layers (in zstarfunc)
93P0647,-2,Less than 3 layers (in zstarfunc)
93P0649,-2,Less than 3 layers (in zstarfunc)
93P0651,-2,Less than 3 layers (in zstarfunc)
93P0653,-2,Less than 3 layers (in zstarfunc)
94P0079,-3,No available layers
94P0322,-3,No available layers
94P0326,-3,No available layers
94P0328,-3,No available layers
94P0333,-3,No available layers
94P0340,-3,No available layers
94P0358,-3,No available layers
94P0387,-3,No available layers
94P0705,-3,No available layers
95P0187,-2,Less than 3 layers (in zstarfunc)
95P0189,-2,Less than 3 layers (in zstarfunc)
95P0195,-3,No available layers
95P0200,-2,Less than 3 layers (in zstarfunc)
96P0261,-2,Less than 3 layers (in zstarfunc)
96P0305,-2,Less than 3 layers (in zstarfunc)
97P0054,-3,No available layers
97P0055,-3,No available layers
97P0056,-3,No available layers
97P0058,-3,No available layers
97P0059,-3,No available layers
97P0060,-3,No available layers
97P0291,-3,No available layers
97P0293,-3,No available layers
97P0386,-3,No available layers
97P0510,-2,Less than 3 layers (in zstarfunc)
97P0586,-2,Less than 3 layers (in zstarfunc)
98P0131,-2,Less than 3 layers (in zstarfunc)
98P0136,-1,No mineral soil
98P0269,-2,Less than 3 layers (in zstarfunc)
98P0376,-2,Less than 3 layers (in zstarfunc)
98P0424,-2,Less than 3 layers (in zstarfunc)
98P0425,-2,Less than 3 layers (in zstarfunc)
98P0562,-2,Less than 3 layers (in zstarfunc)
99P0131,-2,Less than 3 layers (in zstarfunc)
99P0341,-2,Less than 3 layers (in zstarfunc)
99P0342,-2,Less than 3 layers (in zstarfunc)
99P0343,-2,Less than 3 layers (in zstarfunc)
99P0345,-2,Less than 3 layers (in zstarfunc)
ISCN:S2010GA023002:53441,-2,Less than 3 layers (in zstarfunc)
S03PW-002-001C,-2,Less than 3 layers (in zstarfunc)
Loblolly_F_104.1986,-2,Less than 3 layers (in zstarfunc)
Loblolly_F_104.2000,-2,Less than 3 layers (in zstarfunc)
Loblolly_F_106.1986,-2,Less than 3 layers (in zstarfunc)
Loblolly_F_106.2000,-2,Less than 3 layers (in zstarfunc)
Loblolly_F_110.1986,-2,Less than 3 layers (in zstarfunc)
Loblolly_F_110.2000,-2,Less than 3 layers (in zstarfunc)
Loblolly_F_112.1986,-2,Less than 3 layers (in zstarfunc)
Loblolly_F_112.2000,-2,Less than 3 layers (in zstarfunc)
Loblolly_F_116.1986,-2,Less than 3 layers (in zstarfunc)
Loblolly_F_116.2000,-2,Less than 3 layers (in zstarfunc)
Loblolly_F_120.1986,-2,Less than 3 layers (in zstarfunc)
Loblolly_F_120.2000,-2,Less than 3 layers (in zstarfunc)
Loblolly108.1986,-2,Less than 3 layers (in zstarfunc)
Loblolly108.2000,-2,Less than 3 layers (in zstarfunc)
Loblolly114.1986,-2,Less than 3 layers (in zstarfunc)
Loblolly114.2000,-2,Less than 3 layers (in zstarfunc)
Loblolly118.1986,-2,Less than 3 layers (in zstarfunc)
Loblolly118.2000,-2,Less than 3 layers (in zstarfunc)
GCPL 5,-1,No mineral soil
GCPU 5b,-2,Less than 3 layers (in zstarfunc)
GCPU 5m,-2,Less than 3 layers (in zstarfunc)
danl198700004,-3,No available layers
feld199100011,-3,No available layers
feld199100035,-3,No available layers
feld199100039,-3,No available layers
feld199100044,-3,No available layers
uark196200167,-3,No available layers
uark196500018,-3,No available layers
uark196500024,-3,No available layers
uark196500028,-3,No available layers
uark196500561,-3,No available layers
uark196700475,-3,No available layers
uark196900350,-3,No available layers
uark197000368,-3,No available layers
uark197000370,-3,No available layers
uark197000371,-3,No available layers
uark197000371a,-3,No available layers
uark197000371b,-3,No available layers
uark197710569,-3,No available layers
uark197720569,-3,No available layers
uark197730569,-3,No available layers
20015,-2,Less than 3 layers (in zstarfunc)
20016,-2,Less than 3 layers (in zstarfunc)
21001,-1,No mineral soil
21002,-1,No mineral soil
39007,-2,Less than 3 layers (in zstarfunc)
39008,-2,Less than 3 layers (in zstarfunc)
39009,-2,Less than 3 layers (in zstarfunc)
39010,-2,Less than 3 layers (in zstarfunc)
39011,-2,Less than 3 layers (in zstarfunc)
39017,-2,Less than 3 layers (in zstarfunc)
39018,-2,Less than 3 layers (in zstarfunc)
39019,-2,Less than 3 layers (in zstarfunc)
39020,-2,Less than 3 layers (in zstarfunc)
39021,-2,Less than 3 layers (in zstarfunc)
39032,-2,Less than 3 layers (in zstarfunc)
39033,-2,Less than 3 layers (in zstarfunc)
39034,-2,Less than 3 layers (in zstarfunc)
39035,-2,Less than 3 layers (in zstarfunc)
39036,-2,Less than 3 layers (in zstarfunc)
39037,-2,Less than 3 layers (in zstarfunc)
39040,-2,Less than 3 layers (in zstarfunc)
39043,-2,Less than 3 layers (in zstarfunc)
39046,-2,Less than 3 layers (in zstarfunc)
60138,-2,Less than 3 layers (in zstarfunc)
60146,-2,Less than 3 layers (in zstarfunc)
60168,-2,Less than 3 layers (in zstarfunc)
62222,-2,Less than 3 layers (in zstarfunc)
62280,-2,Less than 3 layers (in zstarfunc)
201001,-2,Less than 3 layers (in zstarfunc)
201002,-2,Less than 3 layers (in zstarfunc)
201003,-2,Less than 3 layers (in zstarfunc)
201004,-2,Less than 3 layers (in zstarfunc)
201005,-2,Less than 3 layers (in zstarfunc)
201006,-2,Less than 3 layers (in zstarfunc)
201007,-2,Less than 3 layers (in zstarfunc)
1001014,-2,Less than 3 layers (in zstarfunc)
1001015,-2,Less than 3 layers (in zstarfunc)
1001017,-2,Less than 3 layers (in zstarfunc)
1002015,-2,Less than 3 layers (in zstarfunc)
1003011,-2,Less than 3 layers (in zstarfunc)
1003062,-2,Less than 3 layers (in zstarfunc)
1003063,-2,Less than 3 layers (in zstarfunc)
1003066,-2,Less than 3 layers (in zstarfunc)
1003078,-2,Less than 3 layers (in zstarfunc)
1003092,-2,Less than 3 layers (in zstarfunc)
1003107,-2,Less than 3 layers (in zstarfunc)
1014002,-2,Less than 3 layers (in zstarfunc)
1014003,-2,Less than 3 layers (in zstarfunc)
2002001,-2,Less than 3 layers (in zstarfunc)
2002005,-2,Less than 3 layers (in zstarfunc)
2002006,-2,Less than 3 layers (in zstarfunc)
2002010,-2,Less than 3 layers (in zstarfunc)
2002011,-2,Less than 3 layers (in zstarfunc)
2002015,-2,Less than 3 layers (in zstarfunc)
2002016,-2,Less than 3 layers (in zstarfunc)
2002020,-2,Less than 3 layers (in zstarfunc)
2003005,-2,Less than 3 layers (in zstarfunc)
2003007,-2,Less than 3 layers (in zstarfunc)
2003009,-2,Less than 3 layers (in zstarfunc)
2003011,-2,Less than 3 layers (in zstarfunc)
2003013,-2,Less than 3 layers (in zstarfunc)
2003016,-2,Less than 3 layers (in zstarfunc)
2003017,-2,Less than 3 layers (in zstarfunc)
2003019,-2,Less than 3 layers (in zstarfunc)
2003021,-2,Less than 3 layers (in zstarfunc)
2003023,-2,Less than 3 layers (in zstarfunc)
2003025,-2,Less than 3 layers (in zstarfunc)
2003027,-2,Less than 3 layers (in zstarfunc)
2003029,-2,Less than 3 layers (in zstarfunc)
2004006,-2,Less than 3 layers (in zstarfunc)
2070041,-3,No available layers
2075017,-2,Less than 3 layers (in zstarfunc)
2075018,-2,Less than 3 layers (in zstarfunc)
2075019,-2,Less than 3 layers (in zstarfunc)
2075020,-2,Less than 3 layers (in zstarfunc)
2075021,-2,Less than 3 layers (in zstarfunc)
3001026,-2,Less than 3 layers (in zstarfunc)
4002017,-2,Less than 3 layers (in zstarfunc)
6003001,-2,Less than 3 layers (in zstarfunc)
6003002,-2,Less than 3 layers (in zstarfunc)
6007002,-2,Less than 3 layers (in zstarfunc)
6007004,-2,Less than 3 layers (in zstarfunc)
6007005,-2,Less than 3 layers (in zstarfunc)
6007013,-2,Less than 3 layers (in zstarfunc)
7001001,-2,Less than 3 layers (in zstarfunc)
7001002,-2,Less than 3 layers (in zstarfunc)
7001003,-2,Less than 3 layers (in zstarfunc)
7001004,-2,Less than 3 layers (in zstarfunc)
7001007,-2,Less than 3 layers (in zstarfunc)
7001008,-2,Less than 3 layers (in zstarfunc)
7001009,-2,Less than 3 layers (in zstarfunc)
7001010,-2,Less than 3 layers (in zstarfunc)
7001011,-2,Less than 3 layers (in zstarfunc)
7001012,-2,Less than 3 layers (in zstarfunc)
7001013,-2,Less than 3 layers (in zstarfunc)
7001014,-2,Less than 3 layers (in zstarfunc)
7001015,-2,Less than 3 layers (in zstarfunc)
7001016,-2,Less than 3 layers (in zstarfunc)
7001017,-2,Less than 3 layers (in zstarfunc)
7001018,-2,Less than 3 layers (in zstarfunc)
7001019,-2,Less than 3 layers (in zstarfunc)
7001020,-2,Less than 3 layers (in zstarfunc)
7001021,-2,Less than 3 layers (in zstarfunc)
7001022,-2,Less than 3 layers (in zstarfunc)
7001023,-2,Less than 3 layers (in zstarfunc)
7001024,-2,Less than 3 layers (in zstarfunc)
7001025,-2,Less than 3 layers (in zstarfunc)
7001026,-2,Less than 3 layers (in zstarfunc)
7001027,-2,Less than 3 layers (in zstarfunc)
7001028,-2,Less than 3 layers (in zstarfunc)
7007012,-2,Less than 3 layers (in zstarfunc)
7007020,-2,Less than 3 layers (in zstarfunc)
